TNS_ID,RA,DEC,DiscoveryDate,ReportDate,Mag,MagUnit,Filter,Gal_match,miniST_name,miniST_RA,miniST_DEC,"GLADE_info [RA,DEC,Flag1,dist,z,sep(arcsec),sep(kpc)]","SDSS_info [RA,DEC,obj_class,dist,z,sep(arcsec),sep(kpc)]",Reporter
2023trd,01:29:13.761,-07:41:36.01,2023-09-25 11:02:59.424,2023-09-27,20.29,ABMag,i - P1,12,['m1491'],['01:30:11'],['-06:57:54'],"['22.306385' '-7.694033' 'G' '443.059857842' '0.096287'
 '4.223905611777061' '9.07301179446797']","['22.306247' '-7.693937' 'Galaxy' '352.01914501310716' '0.0829'
 '4.4514172042433575' '7.596953192429823']",K. C. Chambers
2023twb,03:43:20.290,-17:42:09.43,2023-09-24 10:33:00.576,2023-10-03,19.3952,ABMag,r - ZTF,1,['m0185'],['03:38:59'],['-17:52:18'],"['55.834484' '-17.702755' 'G' '234.289252334' '0.052492'
 '0.52655180185292' '0.5980924725572149']",[],K. De (Caltech) on behalf of ZTF
2023ukv,09:10:32.229,+74:16:48.91,2023-10-07 12:11:13.004,2023-10-09,20.3488,ABMag,r - ZTF,0,['m9297'],['08:56:59'],['+74:50:06'],[],[],A. Munoz-Arancibia
2023und,02:46:02.274,-00:41:37.68,2023-10-07 11:32:42.720,2023-10-10,20.21,ABMag,g - P1,0,['m2344'],['02:45:57'],['-00:08:54'],[],[],D. O. Jones (UC Santa Cruz)
2023upm,23:37:06.261,+22:03:13.55,2023-10-09 10:05:15.648,2023-10-11,21.43,ABMag,w - P1,2,['m5134'],['23:32:19'],['+21:39:54'],[],"['354.275373' '22.054083' 'Galaxy' '897.2416315567725' '0.2181'
 '2.6463504612524065' '11.51149267162718']",K. C. Chambers
2023uua,03:35:15.387,-18:04:51.17,2023-10-11 11:40:43.968,2023-10-14,21.29,ABMag,w - P1,0,['m0185'],['03:38:59'],['-17:52:18'],[],[],K. C. Chambers
2023uus,10:48:53.368,+33:06:48.85,2023-10-13 14:47:47.328,2023-10-14,18.613,ABMag,cyan - ATLAS,2,['m6257'],['10:50:27'],['+32:34:18'],[],"['162.223523' '33.112667' 'Galaxy' '308.99979467873465' '0.0726'
 '4.765713131722101' '7.139387498849756']",J. Tonry
2020afeu,08:59:24.894,+73:47:16.88,2020-11-23 09:24:59.040,2023-10-14,19.9854,ABMag,g - ZTF,0,['m9250'],['08:43:38'],['+73:28:18'],[],[],Patrick Aleo (UIUC)
2021ahwb,09:18:44.084,+39:49:00.96,2021-01-07 08:14:55.680,2023-10-14,19.9165,ABMag,g - ZTF,2,['m6935'],['09:15:24'],['+39:23:18'],[],"['139.683685' '39.816992' 'Galaxy' '643.6930284685767' '0.1541'
 '0.2112502753746425' '0.6592512411007256']",Patrick Aleo (UIUC)
2020affc,02:57:49.391,-14:37:35.70,2020-10-20 08:37:33.024,2023-10-14,20.6316,ABMag,r - ZTF,2,['m0505'],['03:00:43'],['-15:08:42'],[],"['44.455751' '-14.626559' 'Galaxy' '756.4275639893054' '0.1823'
 '0.17906041990354143' '0.656661888550808']",Patrick Aleo (UIUC)
2021ahwn,13:51:32.732,+54:21:40.52,2021-02-10 09:16:05.088,2023-10-14,21.2488,ABMag,g - ZTF,2,['m8227'],['13:59:12'],['+54:23:06'],[],"['207.887018' '54.361305' 'Galaxy' '667.0096551164108' '0.1599'
 '1.3431367424965628' '4.343373897321396']",Patrick Aleo (UIUC)
2018mgx,12:02:49.321,+50:39:50.74,2018-12-12 11:53:18.240,2023-10-14,20.507,ABMag,g - ZTF,2,['m7909'],['12:05:06'],['+50:17:42'],[],"['180.7055' '50.664058' 'Galaxy' '397.73368153999826' '0.0939'
 '0.13154406810051172' '0.2536521253501588']",Patrick Aleo (UIUC)
2018mgz,12:14:47.739,+29:11:44.37,2018-11-05 11:49:12.000,2023-10-14,19.4125,ABMag,r - ZTF,2,['m5976'],['12:19:41'],['+29:50:42'],[],"['183.698775' '29.195729' 'Galaxy' '490.9113246549183' '0.1165'
 '0.501440293438142' '1.1934305380361618']",Patrick Aleo (UIUC)
2018miq,23:34:09.297,+22:05:33.38,2018-09-09 07:19:04.224,2023-10-14,20.0928,ABMag,r - ZTF,2,['m5134'],['23:32:19'],['+21:39:54'],[],"['353.538968' '22.092592' 'Galaxy' '523.2446573635543' '0.1244'
 '0.7704208773081253' '1.9543741629045366']",Patrick Aleo (UIUC)
2018mjl,03:09:08.466,-03:03:22.83,2018-10-31 07:56:02.112,2023-10-14,20.2293,ABMag,r - ZTF,0,['m2009'],['03:11:40'],['-02:52:30'],[],[],Patrick Aleo (UIUC)
2019aatj,12:25:34.741,+64:30:42.78,2019-01-11 10:45:06.336,2023-10-14,20.0881,ABMag,r - ZTF,2,['m8828'],['12:24:47'],['+63:55:42'],[],"['186.394921' '64.511943' 'Galaxy' '721.0204109332255' '0.1734'
 '0.33606041572771156' '1.1747346697117587']",Patrick Aleo (UIUC)
2020affo,12:02:25.759,+58:54:00.81,2020-10-29 11:57:19.296,2023-10-14,19.7001,ABMag,g - ZTF,2,['m8500'],['12:03:29'],['+58:28:30'],[],"['180.607315' '58.900143' 'Galaxy' '587.1347476787965' '0.1401'
 '0.2963730702701489' '0.8436287847439156']",Patrick Aleo (UIUC)
2020affu,07:53:32.265,+85:36:53.76,2020-11-05 06:36:32.832,2023-10-14,19.8452,ABMag,g - ZTF,0,['m9530'],['08:39:13'],['+85:44:30'],[],[],Patrick Aleo (UIUC)
2023uxl,03:45:02.558,-19:40:22.88,2023-10-13 11:36:30.816,2023-10-15,20.62,ABMag,g - P1,0,['m0025'],['03:40:45'],['-19:14:06'],[],[],D. O. Jones (UC Santa Cruz)
2023uyd,13:29:56.967,+47:42:36.83,2023-08-06 06:11:11.328,2023-10-16,20.12,ABMag,r - P1,0,['m7694'],['13:32:26'],['+47:34:06'],[],[],D. O. Jones (UC Santa Cruz)
2023uye,14:02:36.922,+54:30:00.31,2023-09-25 05:34:16.032,2023-10-16,18.89,ABMag,r - P1,0,['m8227'],['13:59:12'],['+54:23:06'],[],[],D. O. Jones (UC Santa Cruz)
2023vbu,02:13:47.503,+03:52:30.80,2023-10-15 09:05:18.004,2023-10-16,20.4083,ABMag,r - ZTF,0,['m2848'],['02:12:18'],['+03:56:30'],[],[],F. Forster
2023vfm,23:08:54.604,+04:00:48.44,2023-10-17 04:34:34.000,2023-10-18,20.8212,ABMag,g - ZTF,0,['m2996'],['23:12:17'],['+03:56:30'],[],[],A. Munoz-Arancibia
2023vhq,10:39:27.112,+12:48:47.39,2023-10-18 12:29:17.998,2023-10-19,20.0289,ABMag,r - ZTF,2,['m4080'],['10:42:18'],['+13:29:06'],[],"['159.863064' '12.813022' 'Galaxy' '930.6833723528085' '0.2267'
 '0.6145389833936307' '2.772849250846952']",A. Munoz-Arancibia
2023vie,23:29:39.616,+21:19:38.81,2023-10-14 08:07:48.000,2023-10-19,20.7664,ABMag,r - ZTF,2,['m5134'],['23:32:19'],['+21:39:54'],[],"['352.41491' '21.327442' 'Galaxy' '903.085291009974' '0.2196'
 '0.5257119188663494' '2.301714528342001']",A. Munoz-Arancibia
2023vom,09:10:13.473,+42:18:03.18,2023-10-16 11:46:47.997,2023-10-22,20.5015,ABMag,r - ZTF,2,['m7192'],['09:15:45'],['+42:06:54'],[],"['137.555558' '42.301079' 'Galaxy' '577.3998426204093' '0.1377'
 '1.6961753781058175' '4.748126518497434']",F. Forster
2023vqq,20:17:21.318,+59:28:34.26,2023-10-16 03:53:14.001,2023-10-23,20.0992,ABMag,r - ZTF,0,['m8617'],['20:26:13'],['+59:50:18'],[],[],Julien Peloton
2023vqx,03:10:13.199,-03:01:44.30,2023-10-20 08:34:41.002,2023-10-23,20.6276,ABMag,r - ZTF,0,['m2009'],['03:11:40'],['-02:52:30'],[],[],F. Forster
2023vxo,02:54:43.605,+13:53:20.53,2023-09-09 12:26:48.768,2023-10-29,21.31,ABMag,w - P1,0,['m4026'],['02:50:39'],['+13:29:06'],[],[],K. C. Chambers
2023vxv,02:47:08.746,+14:06:55.28,2023-09-09 12:09:11.232,2023-10-29,20.99,ABMag,w - P1,0,['m4026'],['02:50:39'],['+13:29:06'],[],[],K. C. Chambers
2023wcr,12:23:31.150,+74:57:01.40,2023-10-31 19:04:49.000,2023-11-01,16.0,VegaMag,Clear - ,0,['m9303'],['12:11:47'],['+74:50:06'],[],[],Koichi Itagaki
2023wem,01:29:16.716,-07:40:23.12,2023-10-06 10:08:30.912,2023-11-03,21.45,ABMag,w - P1,2,['m1491'],['01:30:11'],['-06:57:54'],[],"['22.319958' '-7.673033' 'Galaxy' '1443.6316443359603' '0.3638'
 '1.1171396044288417' '7.818774872149606']",K. C. Chambers
2023wfy,10:36:14.713,+52:56:50.51,2023-10-31 13:21:00.864,2023-11-03,20.21,ABMag,i - P1,1,['m8113'],['10:43:01'],['+53:01:18'],"['159.061' '52.9471' 'G' '210.135982627' '0.0470456935228'
 '1.1566443857952433' '1.1783522791598613']",[],K. C. Chambers
2023wgu,20:26:33.878,+59:11:09.14,2023-11-02 02:51:25.998,2023-11-03,19.8288,ABMag,r - ZTF,2,['m8617'],['20:26:13'],['+59:50:18'],[],"['306.641464' '59.186779' 'Galaxy' '111.81158296255742' '0.026'
 '3.312708819915167' '1.7957460789543496']",A. Munoz-Arancibia
2023wgz,10:38:45.010,+53:30:06.10,2023-11-02 19:31:22.000,2023-11-03,14.2,VegaMag,Clear - ,2,['m8113'],['10:43:01'],['+53:01:18'],[],"['159.686975' '53.501405' 'Galaxy' '13.82970947558353' '0.0032'
 '1.5994027992039044' '0.10723727643924301']",Yuuji Ohshima
2023wju,08:42:40.496,+85:45:20.33,2023-10-03 10:35:02.400,2023-11-04,19.24,ABMag,g - ZTF,0,['m9530'],['08:39:13'],['+85:44:30'],[],[],C. Fremling (Caltech) on behalf of the Zwicky Transient Facility (ZTF) collaboration
2023woz,23:30:09.915,+21:09:37.67,2023-11-03 08:41:32.352,2023-11-05,18.983,ABMag,orange - ATLAS,2,['m5134'],['23:32:19'],['+21:39:54'],[],"['352.541759' '21.16067' 'Galaxy' '598.072833203761' '0.1428'
 '1.6726075156296076' '4.849790586755282']",J. Tonry
2023wqk,11:54:11.025,+56:26:07.06,2023-11-03 12:21:45.996,2023-11-05,19.4783,ABMag,g - ZTF,12,['m8316'],['11:57:23'],['+55:44:54'],"['178.546' '56.43526' 'G' '591.562' '0.12598074299' '0.17564391447742628'
 '0.503742093588738']","['178.545958' '56.435296' 'Galaxy' '536.9183263750456' '0.12775'
 '0.0411849203624079' '0.10720655112068811']",F. Forster
2023wrk,11:28:39.122,+58:33:12.67,2023-11-04 05:29:46.464,2023-11-06,18.11,ABMag,L - GOTO,0,['m8498'],['11:31:00'],['+58:28:30'],[],[],B. Godson
2023wrn,23:31:53.501,+22:39:30.74,2023-11-05 07:58:05.664,2023-11-06,18.919,ABMag,cyan - ATLAS,0,['m5290'],['23:27:45'],['+23:01:42'],[],[],J. Tonry
2023wus,08:49:59.890,+73:31:34.45,2023-11-06 12:20:47.003,2023-11-07,20.2407,ABMag,r - ZTF,0,['m9250'],['08:43:38'],['+73:28:18'],[],[],A. Munoz-Arancibia
2023xgn,03:02:48.834,-15:42:21.53,2023-11-09 06:33:07.200,2023-11-10,18.86,ABMag,r - ZTF,0,['m0505'],['03:00:43'],['-15:08:42'],[],[],C. Fremling (Caltech) on behalf of the Zwicky Transient Facility (ZTF) collaboration
2023xhw,23:36:28.035,+21:31:14.27,2023-11-09 08:26:38.976,2023-11-11,20.65,ABMag,w - P1,0,['m5134'],['23:32:19'],['+21:39:54'],[],[],K. C. Chambers
2023xpo,12:13:08.997,+54:45:01.85,2023-11-12 11:46:28.004,2023-11-13,19.3697,ABMag,g - ZTF,2,['m8220'],['12:17:07'],['+54:23:06'],[],"['183.287638' '54.750531' 'Galaxy' '405.1917055254579' '0.0957'
 '0.31870302129248895' '0.6260681262476423']",F. Forster
2023xuo,09:01:21.929,+59:04:50.80,2023-11-10 09:54:06.998,2023-11-16,20.6741,ABMag,g - ZTF,2,['m8577'],['09:10:03'],['+59:50:18'],[],"['135.341233' '59.080628' 'Galaxy' '2394.999359153259' '0.6499'
 '0.5964415679188177' '6.925452765867479']",A. Munoz-Arancibia
2023xvj,09:56:00.080,+69:40:29.19,2023-11-15 16:47:58.000,2023-11-16,19.2,ABMag,r - Sloan,0,['m9089'],['09:51:52'],['+69:22:54'],[],[],R. Kumar
2023xvn,08:51:38.214,-02:22:00.87,2023-10-22 12:07:12.000,2023-11-16,19.964,ABMag,r - ZTF,0,['m2049'],['08:51:50'],['-02:52:30'],[],[],K. De (Caltech) on behalf of ZTF
2023xvw,11:29:34.066,+35:42:48.26,2023-10-17 12:28:48.000,2023-11-16,18.16,ABMag,r - ZTF,12,['m6543'],['11:32:27'],['+35:17:54'],"['172.392' '35.71329' 'G' '378.443' '0.0830151415076'
 '0.44958793911185774' '0.8248785216296753']","['172.391908' '35.713315' 'Galaxy' '354.9352823144586' '0.0836'
 '0.34052920603944054' '0.5859740790419169']",C. Fremling (Caltech) on behalf of the Zwicky Transient Facility (ZTF) collaboration
2023xwd,11:29:46.024,+35:26:32.07,2023-10-17 12:28:48.000,2023-11-16,17.85,ABMag,r - ZTF,0,['m6543'],['11:32:27'],['+35:17:54'],[],[],C. Fremling (Caltech) on behalf of the Zwicky Transient Facility (ZTF) collaboration
2023xyd,03:14:13.433,-02:12:00.85,2023-11-17 09:21:27.360,2023-11-18,21.67,ABMag,w - P1,0,['m2009'],['03:11:40'],['-02:52:30'],[],[],K. C. Chambers
2023xyl,23:08:50.822,+04:00:45.72,2023-11-16 06:23:16.224,2023-11-18,20.58,ABMag,w - P1,0,['m2996'],['23:12:17'],['+03:56:30'],[],[],K. C. Chambers
2023yaj,01:51:45.712,+21:24:31.38,2023-10-09 08:35:17.376,2023-11-19,21.58,ABMag,w - P1,0,['m4992'],['01:54:36'],['+21:39:54'],[],[],K. C. Chambers
2023yas,02:27:30.835,+29:26:44.98,2023-10-14 09:53:19.392,2023-11-19,21.81,ABMag,w - P1,2,['m5916'],['02:32:10'],['+29:50:42'],[],"['36.877218' '29.446029' 'Galaxy' '875.7761533811034' '0.2126'
 '4.019511889947622' '17.066375623817066']",K. C. Chambers
2023yew,04:36:13.478,+03:06:05.83,2023-11-19 10:39:35.424,2023-11-21,20.71,ABMag,w - P1,0,['m2696'],['04:36:39'],['+02:34:42'],[],[],K. C. Chambers
2023ygh,04:10:44.069,+08:21:59.02,2023-09-12 13:39:25.056,2023-11-23,20.87,ABMag,w - P1,0,['m3368'],['04:13:22'],['+08:01:54'],[],[],K. C. Chambers
2023yhs,01:21:25.295,+08:59:40.44,2023-11-11 06:41:32.640,2023-11-24,21.1,ABMag,w - P1,0,['m3516'],['01:22:07'],['+09:23:42'],[],[],K. C. Chambers
2023yht,01:19:05.376,+10:03:04.30,2023-11-05 06:16:05.088,2023-11-24,21.03,ABMag,w - P1,0,['m3516'],['01:22:07'],['+09:23:42'],[],[],K. C. Chambers
2023yjx,23:21:13.242,+07:23:27.87,2023-11-14 05:13:33.600,2023-11-26,20.69,ABMag,w - P1,2,['m3502'],['23:22:45'],['+08:01:54'],[],"['350.305615' '7.390775' 'Galaxy' '1271.6859765831848' '0.3167'
 '1.9062886631224885' '11.752855973116086']",K. C. Chambers
2023yke,23:33:46.164,+03:13:41.54,2023-10-15 06:47:04.416,2023-11-26,21.03,ABMag,w - P1,2,['m2830'],['23:35:54'],['+02:34:42'],[],"['353.442093' '3.22842' 'Galaxy' '881.2459169708817' '0.214'
 '1.203853963997552' '5.14334660234276']",K. C. Chambers
2023yky,14:03:56.516,+54:27:24.87,2023-11-23 15:17:32.352,2023-11-26,19.36,ABMag,r - P1,1,['m8227'],['13:59:12'],['+54:23:06'],"['210.986' '54.45746' 'G' '233.538861489' '0.0523372761686'
 '2.261254798742081' '2.5602567924384214']",[],K. C. Chambers
2023ylw,09:56:47.630,+16:10:09.85,2023-10-16 14:42:31.104,2023-11-26,21.74,ABMag,w - P1,2,['m4403'],['09:57:23'],['+16:12:42'],[],"['149.198509' '16.169511' 'Galaxy' '425.04869247849695' '0.1005'
 '0.42717423709543195' '0.8802754781583921']",K. C. Chambers
2023yog,02:08:58.968,+03:57:25.00,2023-11-10 08:51:08.640,2023-11-28,20.47,ABMag,w - P1,0,['m2848'],['02:12:18'],['+03:56:30'],[],[],K. C. Chambers
2023yog,02:08:58.968,+03:57:25.00,2023-11-10 08:51:08.640,2023-11-29,20.47,ABMag,w - P1,0,['m2848'],['02:12:18'],['+03:56:30'],[],[],K. C. Chambers
2023yrb,01:40:02.244,+05:26:37.70,2023-12-03 05:19:41.664,2023-12-04,21.12,ABMag,w - P1,0,['m3013'],['01:38:26'],['+05:18:18'],[],[],K. C. Chambers
2023yrl,01:24:43.594,+04:30:17.29,2023-12-03 05:16:55.776,2023-12-04,20.41,ABMag,w - P1,2,['m2842'],['01:21:13'],['+03:56:30'],[],"['21.181689' '4.504742' 'Galaxy' '877.3393632464944' '0.213'
 '0.2770026711115737' '1.1782201312551497']",K. C. Chambers
2023zac,01:33:26.926,-07:22:35.80,2023-12-05 07:03:19.008,2023-12-07,20.87,ABMag,w - P1,0,['m1491'],['01:30:11'],['-06:57:54'],[],[],K. C. Chambers
2023zbp,02:53:55.708,-16:15:26.89,2023-12-07 07:08:10.176,2023-12-08,20.36,ABMag,w - P1,0,['m0341'],['02:53:05'],['-16:30:30'],[],[],K. C. Chambers
2023zeg,01:23:25.706,+03:43:24.78,2023-11-20 03:34:33.600,2023-12-10,19.64,ABMag,r - ZTF,0,['m2842'],['01:21:13'],['+03:56:30'],[],[],C. Fremling (Caltech) on behalf of the Zwicky Transient Facility (ZTF) collaboration
2023zgl,12:01:48.351,+75:29:36.75,2023-12-09 09:18:43.200,2023-12-10,20.03,ABMag,g - ZTF,0,['m9303'],['12:11:47'],['+74:50:06'],[],[],C. Fremling (Caltech) on behalf of the Zwicky Transient Facility (ZTF) collaboration
2023zim,01:08:37.415,-06:54:38.31,2023-12-07 05:38:24.000,2023-12-11,18.54,ABMag,g - ZTF,12,['m1488'],['01:04:31'],['-06:57:54'],"['17.156393' '-6.910735' 'G' '325.126159235' '0.071889'
 '1.8082874205527848' '2.8503240786844666']","['17.156401' '-6.910794' 'Galaxy' '336.5893416714348' '0.0792'
 '1.8868404676007557' '3.0790051021313003']",C. Fremling (Caltech) on behalf of the Zwicky Transient Facility (ZTF) collaboration
2023zrw,05:50:53.168,-18:50:09.22,2023-12-10 08:13:55.200,2023-12-13,20.01,ABMag,g - ZTF,1,['m0039'],['05:46:41'],['-19:14:06'],"['87.721687' '-18.83593' 'G' '627.271570817' '0.132966'
 '0.5389937702251469' '1.6391330885568598']",[],C. Fremling (Caltech) on behalf of the Zwicky Transient Facility (ZTF) collaboration
2023zsl,03:03:43.372,-15:29:04.27,2023-10-11 09:28:22.944,2023-12-13,19.4054,ABMag,g - ZTF,1,['m0505'],['03:00:43'],['-15:08:42'],"['45.930733' '-15.484624' 'G' '38.3775380858' '0.006991'
 '0.38064151316403894' '0.07082199059807541']",[],K. De (Caltech) on behalf of ZTF
2023zvj,05:54:18.640,+78:31:22.66,2023-12-11 06:51:50.400,2023-12-14,18.4,ABMag,G - Gaia,0,['m9409'],['06:17:34'],['+78:55:30'],[],[],S.T. Hodgkin
2018mlp,11:26:18.255,+58:35:38.80,2018-11-07 12:12:57.600,2023-12-14,19.6,ABMag,r - ZTF,12,['m8498'],['11:31:00'],['+58:28:30'],"['171.577' '58.5941' 'G' '522.396' '0.112284326142' '1.7591586824176269'
 '4.455328447860638']","['171.576892' '58.594078' 'Galaxy' '477.73810750840784' '0.11329'
 '1.5606604476381578' '3.614707628901058']",C. Fremling (Caltech) on behalf of the Zwicky Transient Facility (ZTF) collaboration
2023aaam,11:58:37.807,+32:55:17.66,2023-12-09 11:15:54.000,2023-12-15,20.4264,ABMag,g - ZTF,2,['m6264'],['12:01:00'],['+32:34:18'],[],"['179.657648' '32.921665' 'Galaxy' '1411.1199127720301' '0.3548'
 '0.49041820259615704' '3.3550992236222164']",A. Munoz-Arancibia
2023aadl,10:13:06.161,+73:37:33.13,2023-12-14 11:17:15.000,2023-12-16,20.7472,ABMag,g - ZTF,0,['m9253'],['10:13:12'],['+73:28:18'],[],[],A. Munoz-Arancibia
2023aahx,01:41:37.605,+05:55:33.34,2023-10-19 09:38:31.200,2023-12-18,21.92,ABMag,w - P1,2,['m3013'],['01:38:26'],['+05:18:18'],[],"['25.406789' '5.925739' 'Galaxy' '1652.0683748858282' '0.4226'
 '0.7706816461295787' '6.172738810100493']",K. C. Chambers
2023aaiq,23:27:59.828,+23:24:11.98,2023-10-09 10:04:21.216,2023-12-18,20.43,ABMag,w - P1,2,['m5290'],['23:27:45'],['+23:01:42'],[],"['351.999938' '23.404575' 'Galaxy' '488.8607541088243' '0.116'
 '4.983797191476467' '11.81191739705866']",K. C. Chambers
2023aamr,11:38:08.942,+17:58:29.73,2023-12-17 13:40:47.136,2023-12-19,20.33,ABMag,w - P1,2,['m4577'],['11:39:43'],['+17:34:30'],[],"['174.537261' '17.975234' 'Galaxy' '462.98135147795614' '0.1097'
 '1.1124374782764264' '2.4969737518428197']",K. C. Chambers
2023aaqn,04:33:36.506,+02:49:15.30,2023-10-23 12:01:52.320,2023-12-23,21.24,ABMag,w - P1,0,['m2696'],['04:36:39'],['+02:34:42'],[],[],K. C. Chambers
2023aavu,23:25:22.637,+08:10:17.93,2023-10-08 09:47:57.984,2023-12-24,20.39,ABMag,w - P1,2,['m3502'],['23:22:45'],['+08:01:54'],[],"['351.344184' '8.171566' 'Galaxy' '818.8929017796514' '0.1981'
 '0.568550864361017' '2.2572065280328975']",K. C. Chambers
2023aayh,23:04:03.258,+16:45:05.78,2023-10-05 06:52:05.952,2023-12-24,21.7,ABMag,w - P1,2,['m4492'],['23:04:36'],['+16:12:42'],[],"['346.013891' '16.751092' 'Galaxy' '802.7318344394545' '0.194'
 '2.145854469068574' '8.351137189555438']",K. C. Chambers
2023aaze,01:33:18.154,-07:33:47.72,2023-10-06 10:08:30.912,2023-12-24,21.09,ABMag,w - P1,0,['m1491'],['01:30:11'],['-06:57:54'],[],[],K. C. Chambers
2023aazr,02:46:15.479,+12:55:18.36,2023-09-18 11:37:20.928,2023-12-24,21.21,ABMag,w - P1,0,['m4026'],['02:50:39'],['+13:29:06'],[],[],K. C. Chambers
2023abfc,01:19:12.391,+09:11:59.12,2023-11-18 04:58:56.640,2023-12-26,21.05,ABMag,w - P1,2,['m3516'],['01:22:07'],['+09:23:42'],[],"['19.801845' '9.198908' 'Galaxy' '895.6825976867243' '0.2177'
 '3.1461278018045227' '13.661719482910835']",K. C. Chambers
2023abha,02:15:54.052,+03:29:23.72,2023-12-08 09:03:12.672,2023-12-27,21.68,ABMag,w - P1,2,['m2848'],['02:12:18'],['+03:56:30'],[],"['33.97522' '3.490145' 'Galaxy' '1442.190205261352' '0.3634'
 '0.8020894378879075' '5.608157552956091']",K. C. Chambers
2023abih,01:03:45.453,-06:15:16.88,2023-12-05 06:55:49.728,2023-12-27,21.82,ABMag,w - P1,2,['m1488'],['01:04:31'],['-06:57:54'],[],"['15.939287' '-6.254537' 'Galaxy' '1045.0245364643126' '0.2564'
 '0.6544736670169551' '3.3158397350352864']",K. C. Chambers
2023abil,01:19:39.412,+03:22:52.40,2023-12-25 05:00:31.680,2023-12-27,19.74,ABMag,r - P1,0,['m2842'],['01:21:13'],['+03:56:30'],[],[],D. O. Jones (UC Santa Cruz)
2023abka,08:50:10.396,-02:30:49.24,2023-12-05 13:27:10.656,2023-12-27,21.28,ABMag,w - P1,2,['m2049'],['08:51:50'],['-02:52:30'],[],"['132.542754' '-2.514097' 'Galaxy' '335.7545563086949' '0.079'
 '2.5244497224479354' '4.109258927370626']",K. C. Chambers
2023abkj,04:18:36.097,+02:47:04.38,2023-11-19 10:32:07.872,2023-12-27,21.95,ABMag,w - P1,0,['m2694'],['04:19:39'],['+02:34:42'],[],[],K. C. Chambers
2023abmd,08:49:03.655,-03:18:59.53,2023-12-05 13:27:10.656,2023-12-28,21.09,ABMag,w - P1,0,['m2049'],['08:51:50'],['-02:52:30'],[],[],K. C. Chambers
2023abnr,11:21:57.934,+56:58:48.93,2023-10-31 14:50:57.408,2023-12-28,20.41,ABMag,i - P1,2,['m8407'],['11:21:01'],['+57:06:42'],[],"['170.491637' '56.980425' 'Galaxy' '571.7158108707007' '0.1363'
 '0.7691747347486859' '2.13196504616758']",K. C. Chambers
2023aboi,11:21:24.046,+56:51:19.67,2023-12-25 14:05:53.088,2023-12-28,19.61,ABMag,i - P1,2,['m8407'],['11:21:01'],['+57:06:42'],[],"['170.349381' '56.855402' 'Galaxy' '1845.5922047193496' '0.479'
 '1.6111248478666678' '14.415835227022551']",K. C. Chambers
2023aboq,11:51:54.914,+54:59:04.72,2023-12-25 14:44:04.416,2023-12-28,18.9,ABMag,i - P1,1,['m8316'],['11:57:23'],['+55:44:54'],"['177.978455' '54.984596' 'G' '279.254' '0.0621822910911'
 '0.7504158578108823' '1.015959211704601']",[],K. C. Chambers
2023abuc,02:36:25.521,+30:35:45.76,2023-12-04 06:21:31.680,2023-12-29,21.61,ABMag,w - P1,0,['m5916'],['02:32:10'],['+29:50:42'],[],[],K. C. Chambers
2023acau,09:09:26.670,+41:09:25.89,2023-12-10 15:15:42.624,2023-12-30,20.46,ABMag,w - P1,0,['m7065'],['09:15:25'],['+40:45:06'],[],[],K. C. Chambers
2023acbr,02:27:03.193,-09:25:02.40,2023-12-27 04:06:14.400,2023-12-30,19.25,ABMag,g - ZTF,0,['m1163'],['02:31:07'],['-09:41:30'],[],[],C. Fremling (Caltech) on behalf of the Zwicky Transient Facility (ZTF) collaboration
2023acdm,12:04:35.062,+31:55:59.28,2023-12-29 15:02:59.712,2023-12-31,20.2,ABMag,i - P1,0,['m6264'],['12:01:00'],['+32:34:18'],[],[],K. C. Chambers
2023acel,23:11:05.276,+03:30:09.21,2023-12-30 05:10:15.744,2024-01-01,21.25,ABMag,w - P1,0,['m2996'],['23:12:17'],['+03:56:30'],[],[],K. C. Chambers
2023aces,13:50:15.953,+39:38:15.82,2023-12-30 14:35:28.608,2024-01-01,20.47,ABMag,i - P1,0,['m6960'],['13:50:08'],['+39:23:18'],[],[],K. C. Chambers
2023acgh,04:36:46.729,+02:50:07.47,2023-12-31 06:36:25.920,2024-01-01,21.78,ABMag,w - P1,0,['m2696'],['04:36:39'],['+02:34:42'],[],[],K. C. Chambers
2024bv,23:27:39.749,+22:45:29.74,2024-01-02 05:04:12.000,2024-01-03,18.42,ABMag,z - P1,12,['m5290'],['23:27:45'],['+23:01:42'],"['351.916168' '22.75894' 'G' '165.561251326' '0.037802'
 '3.0450910946733734' '2.4441837713638646']","['351.916148' '22.758914' 'Galaxy' '147.2370101527268' '0.0343'
 '2.9303635637899315' '2.0917672657533095']",D. O. Jones (UC Santa Cruz)
2024mx,12:15:18.305,+63:26:41.54,2024-01-02 10:06:14.400,2024-01-07,19.5,ABMag,g - ZTF,0,['m8828'],['12:24:47'],['+63:55:42'],[],[],C. Fremling (Caltech) on behalf of the Zwicky Transient Facility (ZTF) collaboration
2024nj,08:06:42.977,+73:35:22.12,2024-01-06 07:35:02.400,2024-01-07,18.97,ABMag,r - ZTF,0,['m9249'],['08:13:46'],['+73:28:18'],[],[],C. Fremling (Caltech) on behalf of the Zwicky Transient Facility (ZTF) collaboration
2024uv,08:10:54.286,+72:48:06.29,2024-01-09 05:09:36.000,2024-01-10,19.21,ABMag,r - ZTF,0,['m9249'],['08:13:46'],['+73:28:18'],[],[],C. Fremling (Caltech) on behalf of the Zwicky Transient Facility (ZTF) collaboration
2024ws,08:28:46.700,+73:45:08.70,2024-01-12 14:03:40.000,2024-01-13,17.8,VegaMag,Clear - ,0,['m9249' 'm9250'],['08:13:46' '08:43:38'],['+73:28:18' '+73:28:18'],[],[],Koichi Itagaki
2020afhd,03:13:35.667,-02:09:06.21,2020-10-20 09:46:04.800,2024-01-14,19.99,ABMag,g - ZTF,0,['m2009'],['03:11:40'],['-02:52:30'],[],[],C. Fremling (Caltech) on behalf of the Zwicky Transient Facility (ZTF) collaboration
2024zk,12:27:09.324,+63:13:38.70,2024-01-06 10:26:24.000,2024-01-15,20.27,ABMag,g - ZTF,0,['m8828'],['12:24:47'],['+63:55:42'],[],[],C. Fremling (Caltech) on behalf of the Zwicky Transient Facility (ZTF) collaboration
2024aaq,13:09:10.560,+35:56:15.30,2024-01-06 10:45:07.200,2024-01-15,19.52,ABMag,g - ZTF,0,['m6689'],['13:09:13'],['+36:39:42'],[],[],C. Fremling (Caltech) on behalf of the Zwicky Transient Facility (ZTF) collaboration
2024aih,13:21:33.321,+62:34:46.30,2024-01-14 10:42:41.003,2024-01-17,20.1023,ABMag,g - ZTF,0,['m8755'],['13:22:36'],['+62:33:54'],[],[],A. Munoz-Arancibia
2024aio,02:50:25.648,-17:10:36.27,2024-01-12 04:20:18.001,2024-01-17,19.9674,ABMag,r - ZTF,0,['m0341'],['02:53:05'],['-16:30:30'],[],[],A. Munoz-Arancibia
2024aiy,11:48:52.666,+49:34:26.00,2024-01-14 10:46:55.001,2024-01-17,19.9923,ABMag,g - ZTF,0,['m7908'],['11:51:48'],['+50:17:42'],[],[],A. Munoz-Arancibia
2024any,03:08:57.835,-02:56:45.92,2024-01-19 08:30:28.800,2024-01-21,17.591,ABMag,orange - ATLAS,0,['m2009'],['03:11:40'],['-02:52:30'],[],[],J. Tonry
2024asa,01:52:18.060,+22:07:07.72,2024-01-19 10:56:38.400,2024-01-25,17.98,ABMag,G - Gaia,0,['m4992'],['01:54:36'],['+21:39:54'],[],[],S.T. Hodgkin
2024asw,12:03:06.802,+52:44:58.06,2024-01-22 13:51:10.080,2024-01-25,20.27,ABMag,i - P1,12,['m8119'],['12:07:44'],['+53:01:18'],"['180.78' '52.74811' 'G' '281.838' '0.0627324913662' '6.059485609590625'
 '8.279615588529182']","['180.780139' '52.74809' 'Galaxy' '266.9102841979023' '0.06257'
 '6.301101898871443' '8.153736592854596']",K. C. Chambers
2024auk,03:20:01.443,+42:27:17.71,2024-01-26 07:24:42.048,2024-01-27,18.694,ABMag,orange - ATLAS,0,['m7161'],['03:20:49'],['+42:06:54'],[],[],J. Tonry
2022aerh,02:48:22.005,+13:56:06.09,2022-12-19 05:15:44.064,2024-01-28,19.5794,ABMag,r - ZTF,0,['m4026'],['02:50:39'],['+13:29:06'],[],[],K. De (Caltech) on behalf of ZTF
2024aws,09:10:20.555,+42:11:54.18,2024-01-20 13:38:13.344,2024-01-28,20.7,ABMag,w - P1,0,['m7192'],['09:15:45'],['+42:06:54'],[],[],K. C. Chambers
2024azh,05:16:53.705,-15:04:56.28,2024-01-19 08:20:50.784,2024-01-29,20.52,ABMag,w - P1,0,['m0520'],['05:12:42'],['-15:08:42'],[],[],K. C. Chambers
2024bdw,09:02:43.745,+60:33:24.74,2024-01-25 05:41:16.800,2024-01-31,19.61,ABMag,r - ZTF,0,['m8577'],['09:10:03'],['+59:50:18'],[],[],C. Fremling (Caltech) on behalf of the Zwicky Transient Facility (ZTF) collaboration
2024bik,12:28:33.960,+63:19:43.30,2024-02-01 06:45:14.999,2024-02-02,19.2589,ABMag,g - ZTF,0,['m8828'],['12:24:47'],['+63:55:42'],[],[],A. Munoz-Arancibia
2024bir,07:14:10.444,+85:08:48.56,2024-02-01 05:57:41.000,2024-02-02,19.8124,ABMag,g - ZTF,0,['m9529'],['06:44:50'],['+85:44:30'],[],[],A. Munoz-Arancibia
2024blk,11:58:08.671,+49:43:28.06,2024-01-31 14:18:04.896,2024-02-05,21.03,ABMag,w - P1,0,['m7909' 'm7908'],['12:05:06' '11:51:48'],['+50:17:42' '+50:17:42'],[],[],K. C. Chambers
2024bmf,09:17:57.599,+40:30:54.48,2024-02-01 09:59:47.328,2024-02-05,20.2,ABMag,w - P1,0,['m7065'],['09:15:25'],['+40:45:06'],[],[],K. C. Chambers
2024bph,04:32:51.305,+02:08:56.31,2024-01-31 05:38:23.136,2024-02-05,21.08,ABMag,w - P1,0,['m2696'],['04:36:39'],['+02:34:42'],[],[],K. C. Chambers
2024bpn,11:41:03.572,+18:13:20.12,2024-01-21 11:10:20.064,2024-02-05,21.32,ABMag,w - P1,0,['m4577'],['11:39:43'],['+17:34:30'],[],[],K. C. Chambers
2024bqt,05:12:04.100,-15:41:12.00,2024-02-04 12:32:00.000,2024-02-06,16.7,Other,Clear - ,0,['m0520'],['05:12:42'],['-15:08:42'],[],[],Riku Shirai (Katori
2024bst,09:13:12.597,+39:47:11.99,2024-02-01 09:59:47.328,2024-02-06,21.73,ABMag,w - P1,0,['m6935'],['09:15:24'],['+39:23:18'],[],[],K. C. Chambers
2024btj,11:39:14.440,+56:15:38.60,2024-02-05 23:08:07.008,2024-02-07,18.53,VegaMag,Clear - ,0,['m8315'],['11:42:18'],['+55:44:54'],[],[],Di Hu
2024byd,08:49:48.709,-02:17:24.73,2024-02-08 09:59:44.736,2024-02-09,19.316,ABMag,cyan - ATLAS,0,['m2049'],['08:51:50'],['-02:52:30'],[],[],J. Tonry
2024cam,11:13:55.317,+57:19:47.66,2024-02-09 10:46:37.920,2024-02-10,20.45,ABMag,r - P1,0,['m8407'],['11:21:01'],['+57:06:42'],[],[],D. O. Jones (UC Santa Cruz)
2024cbk,10:43:38.890,+12:52:51.08,2024-02-04 13:52:45.120,2024-02-11,21.66,ABMag,w - P1,0,['m4080'],['10:42:18'],['+13:29:06'],[],[],K. C. Chambers
2024ccc,03:44:42.028,-19:08:04.84,2024-02-10 05:47:47.328,2024-02-11,21.21,ABMag,g - P1,0,['m0025'],['03:40:45'],['-19:14:06'],[],[],D. O. Jones (UC Santa Cruz)
2024cis,08:51:48.256,+85:00:28.53,2024-02-12 07:52:19.200,2024-02-13,19.48,ABMag,r - ZTF,0,['m9530'],['08:39:13'],['+85:44:30'],[],[],C. Fremling (Caltech) on behalf of the Zwicky Transient Facility (ZTF) collaboration
2024cjm,11:36:07.942,+55:50:15.62,2024-02-12 11:42:13.997,2024-02-13,19.4362,ABMag,g - ZTF,0,['m8315'],['11:42:18'],['+55:44:54'],[],[],F. Forster
2024ckj,09:14:30.792,+59:51:05.35,2024-02-12 06:26:35.998,2024-02-13,20.3237,ABMag,g - ZTF,0,['m8577'],['09:10:03'],['+59:50:18'],[],[],F. Forster
2024cqm,03:10:11.981,-02:20:10.01,2024-02-12 02:58:33.600,2024-02-15,19.59,ABMag,r - ZTF,0,['m2009'],['03:11:40'],['-02:52:30'],[],[],C. Fremling (Caltech) on behalf of the Zwicky Transient Facility (ZTF) collaboration
2024csb,12:24:16.255,+74:11:22.25,2024-02-12 09:25:40.996,2024-02-16,20.3706,ABMag,r - ZTF,0,['m9303'],['12:11:47'],['+74:50:06'],[],[],F. Forster
2024csi,12:04:03.504,+56:16:11.37,2024-02-12 11:42:13.997,2024-02-16,20.1453,ABMag,g - ZTF,0,['m8316'],['11:57:23'],['+55:44:54'],[],[],F. Forster
2024cvr,10:49:56.128,+52:52:14.17,2024-02-16 10:29:16.800,2024-02-17,20.29,ABMag,g - ZTF,0,['m8113'],['10:43:01'],['+53:01:18'],[],[],C. Fremling (Caltech) on behalf of the Zwicky Transient Facility (ZTF) collaboration
2023adhj,03:00:47.544,-14:24:45.65,2023-08-22 08:56:24.000,2024-03-03,21.2543,ABMag,g - Sloan,0,['m0505'],['03:00:43'],['-15:08:42'],[],[],Lei Hu (Carnegie Mellon U.)
2023adib,02:59:20.475,-15:08:56.74,2023-10-06 07:54:25.344,2024-03-03,21.6865,ABMag,g - Sloan,0,['m0505'],['03:00:43'],['-15:08:42'],[],[],Lei Hu (Carnegie Mellon U.)
2023adie,03:41:53.883,-17:34:08.63,2023-10-06 08:03:44.352,2024-03-03,21.9105,ABMag,g - Sloan,0,['m0185'],['03:38:59'],['-17:52:18'],[],[],Lei Hu (Carnegie Mellon U.)
2023adnu,03:02:20.774,-15:43:09.54,2023-11-05 07:19:30.144,2024-03-03,21.2738,ABMag,g - Sloan,0,['m0505'],['03:00:43'],['-15:08:42'],[],[],Lei Hu (Carnegie Mellon U.)
2023adnv,03:42:19.456,-17:13:20.86,2023-11-05 07:41:27.744,2024-03-03,21.408,ABMag,g - Sloan,0,['m0185'],['03:38:59'],['-17:52:18'],[],[],Lei Hu (Carnegie Mellon U.)
2023adnx,02:57:40.858,-16:30:45.16,2023-12-27 04:06:38.592,2024-03-03,17.7361,ABMag,r - Sloan,0,['m0341'],['02:53:05'],['-16:30:30'],[],[],Lei Hu (Carnegie Mellon U.)
2023adop,03:01:31.399,-14:39:47.34,2023-12-11 05:08:57.120,2024-03-03,20.465,ABMag,z - Sloan,0,['m0505'],['03:00:43'],['-15:08:42'],[],[],Lei Hu (Carnegie Mellon U.)
2024drx,11:59:40.189,+55:37:27.65,2024-03-02 11:35:34.656,2024-03-04,18.665,ABMag,orange - ATLAS,0,['m8316'],['11:57:23'],['+55:44:54'],[],[],J. Tonry
2024dsl,11:04:58.622,+29:08:16.06,2024-03-02 12:56:33.792,2024-03-04,19.99,ABMag,w - P1,0,['m5820'],['11:02:17'],['+28:28:54'],[],[],K. C. Chambers
2024dsv,11:43:17.628,+56:05:32.11,2024-03-02 11:20:51.648,2024-03-04,19.42,ABMag,w - P1,0,['m8315'],['11:42:18'],['+55:44:54'],[],[],K. C. Chambers
2018mmo,03:17:56.581,+41:59:09.72,2018-12-12 06:12:57.600,2024-03-06,19.4,ABMag,r - ZTF,0,['m7161'],['03:20:49'],['+42:06:54'],[],[],C. Fremling (Caltech) on behalf of the Zwicky Transient Facility (ZTF) collaboration
2024dzo,11:54:06.436,+55:01:24.87,2024-03-02 10:59:44.160,2024-03-08,18.7,ABMag,orange - ATLAS,0,['m8316'],['11:57:23'],['+55:44:54'],[],[],J. Tonry
2024egm,12:13:00.497,+53:25:20.98,2024-03-14 11:40:45.696,2024-03-16,18.038,ABMag,orange - ATLAS,0,['m8119'],['12:07:44'],['+53:01:18'],[],[],J. Tonry
2024eon,05:12:08.783,-15:11:09.57,2024-03-06 19:51:53.280,2024-03-19,18.855,ABMag,cyan - ATLAS,0,['m0520'],['05:12:42'],['-15:08:42'],[],[],J. Tonry
2024eqe,11:57:52.774,+55:18:42.17,2024-03-14 09:47:24.996,2024-03-20,20.5703,ABMag,r - ZTF,0,['m8316'],['11:57:23'],['+55:44:54'],[],[],Jesper Sollerman on behalf of ZTF
2024erp,09:14:47.764,+39:19:25.14,2024-03-19 05:54:03.004,2024-03-20,19.9283,ABMag,r - ZTF,0,['m6935'],['09:15:24'],['+39:23:18'],[],[],A. Munoz-Arancibia
2024euf,12:06:33.356,+62:28:07.72,2024-03-21 09:48:10.996,2024-03-22,19.3385,ABMag,g - ZTF,0,['m8751'],['12:08:52'],['+62:33:54'],[],[],A. Munoz-Arancibia
2024fmh,07:23:46.774,+71:31:19.96,2024-04-03 05:18:14.400,2024-04-04,19.2,ABMag,r - ZTF,0,['m9196'],['07:09:36'],['+72:06:30'],[],[],C. Fremling (Caltech) on behalf of the Zwicky Transient Facility (ZTF) collaboration
2024foj,09:14:49.583,+39:18:44.50,2024-04-03 07:42:38.998,2024-04-04,19.6275,ABMag,g - ZTF,0,['m6935'],['09:15:24'],['+39:23:18'],[],[],A. Munoz-Arancibia
2024fyo,12:26:16.425,+63:42:59.46,2024-04-03 07:51:44.001,2024-04-08,20.4021,ABMag,g - ZTF,0,['m8828'],['12:24:47'],['+63:55:42'],[],[],F. Forster
2024gax,11:36:51.884,+55:03:32.74,2024-04-04 07:46:52.997,2024-04-10,20.4685,ABMag,g - ZTF,0,['m8315'],['11:42:18'],['+55:44:54'],[],[],A. Munoz-Arancibia
2024gkt,10:49:43.048,+33:04:43.99,2024-04-07 06:40:36.998,2024-04-13,20.9665,ABMag,g - ZTF,0,['m6257'],['10:50:27'],['+32:34:18'],[],[],Nabeel Rehemtulla (CIERA
2024god,14:05:26.317,+54:15:27.27,2024-02-20 13:36:10.656,2024-04-14,21.11,ABMag,i - P1,0,['m8227'],['13:59:12'],['+54:23:06'],[],[],K. C. Chambers
2024grn,10:21:22.557,+21:21:56.80,2024-04-07 07:09:40.999,2024-04-18,20.7631,ABMag,g - ZTF,0,['m5047'],['10:17:14'],['+21:39:54'],[],[],Jesper Sollerman (SU)
2024gyh,12:05:10.816,+32:47:05.45,2024-04-10 06:02:32.064,2024-04-21,19.88,ABMag,w - P1,0,['m6264'],['12:01:00'],['+32:34:18'],[],[],K. C. Chambers
2024hpb,12:16:32.658,+75:21:37.73,2024-04-30 05:27:42.998,2024-05-01,19.4012,ABMag,g - ZTF,0,['m9303'],['12:11:47'],['+74:50:06'],[],[],Nabeel Rehemtulla (CIERA
2024hrf,11:49:21.931,+50:26:45.05,2024-04-30 05:29:45.997,2024-05-02,19.95,ABMag,g - ZTF,0,['m7908'],['11:51:48'],['+50:17:42'],[],[],A. Munoz-Arancibia
2024hrl,11:44:10.999,+56:22:01.16,2024-04-30 05:29:05.001,2024-05-02,19.0567,ABMag,g - ZTF,0,['m8315'],['11:42:18'],['+55:44:54'],[],[],A. Munoz-Arancibia
2024hrs,11:59:07.316,+58:20:37.84,2024-05-01 09:05:11.904,2024-05-02,18.418,ABMag,orange - ATLAS,0,['m8500'],['12:03:29'],['+58:28:30'],[],[],J. Tonry
2024hsq,09:01:58.402,+60:09:06.98,2024-05-01 06:14:24.000,2024-05-02,15.3,ABMag,g - Sloan,0,['m8577'],['09:10:03'],['+59:50:18'],[],[],K. Z. Stanek
2024hua,13:56:27.859,+54:13:47.75,2024-05-01 11:35:20.832,2024-05-03,20.86,ABMag,g - P1,0,['m8227'],['13:59:12'],['+54:23:06'],[],[],D. O. Jones (UC Santa Cruz)
2024iam,08:47:00.696,+86:13:00.64,2024-04-30 06:18:48.997,2024-05-05,20.1745,ABMag,r - ZTF,0,['m9530'],['08:39:13'],['+85:44:30'],[],[],Daniel Perley (LJMU)
2024ich,11:34:13.858,+58:16:08.10,2024-05-04 06:49:32.998,2024-05-05,20.1228,ABMag,g - ZTF,0,['m8498'],['11:31:00'],['+58:28:30'],[],[],F. Forster
2024ihl,09:15:30.587,+39:13:23.55,2024-04-29 04:17:57.998,2024-05-09,20.5293,ABMag,g - ZTF,0,['m6935'],['09:15:24'],['+39:23:18'],[],[],Jesper Sollerman (SU)
2024ikg,14:02:27.785,+54:19:46.73,2024-04-04 09:51:46.944,2024-05-09,20.5086,ABMag,g - ZTF,0,['m8227'],['13:59:12'],['+54:23:06'],[],[],K. De (Caltech) on behalf of ZTF
2024imb,12:04:40.567,+58:43:34.33,2024-05-09 08:34:08.256,2024-05-10,18.527,ABMag,orange - ATLAS,0,['m8500'],['12:03:29'],['+58:28:30'],[],[],J. Tonry
2024imk,04:03:40.750,+69:34:00.50,2024-01-13 19:44:21.408,2024-05-11,18.29,VegaMag,Clear - ,0,['m9075'],['04:14:12'],['+69:22:54'],[],[],Ziyang Mai
2024inc,23:10:43.975,+03:41:46.92,2024-05-09 09:30:31.680,2024-05-11,18.452,ABMag,orange - ATLAS,0,['m2996'],['23:12:17'],['+03:56:30'],[],[],J. Tonry
2024irw,12:06:03.739,+32:49:29.23,2024-04-26 21:50:44.736,2024-05-13,19.61,ABMag,L - GOTO,0,['m6264'],['12:01:00'],['+32:34:18'],[],[],M. Kennedy
2024ixs,13:49:13.331,+60:29:42.50,2024-05-08 07:47:45.000,2024-05-17,20.0895,ABMag,g - ZTF,0,['m8594'],['13:57:25'],['+59:50:18'],[],[],Jesper Sollerman (SU)
2018mnl,11:26:42.551,+59:09:29.57,2018-06-26 05:44:08.001,2024-05-20,19.4005,ABMag,r - ZTF,0,['m8498'],['11:31:00'],['+58:28:30'],[],[],Jesper Sollerman (SU)
2024jfb,09:12:16.372,+41:31:34.00,2024-05-21 06:19:20.352,2024-05-22,18.541,ABMag,orange - ATLAS,0,['m7192'],['09:15:45'],['+42:06:54'],[],[],J. Tonry
2024jha,13:30:54.534,+45:48:31.51,2024-05-25 06:59:24.000,2024-05-27,20.04,ABMag,i - P1,0,['m7578'],['13:24:19'],['+46:12:18'],[],[],D. O. Jones (UC Santa Cruz)
2024jmn,11:51:16.001,+32:49:07.76,2024-03-02 13:10:43.968,2024-05-29,21.67,ABMag,w - P1,0,['m6263'],['11:50:56'],['+32:34:18'],[],[],K. C. Chambers
2024jnh,10:44:44.943,+14:09:41.10,2024-04-09 06:07:31.872,2024-05-29,21.17,ABMag,w - P1,0,['m4080'],['10:42:18'],['+13:29:06'],[],[],K. C. Chambers
2024jnr,10:42:37.352,+13:51:24.04,2024-03-06 08:08:53.664,2024-05-29,20.95,ABMag,w - P1,0,['m4080'],['10:42:18'],['+13:29:06'],[],[],K. C. Chambers
2024jnu,11:56:57.080,+50:57:41.49,2024-03-02 11:49:19.776,2024-05-29,21.4,ABMag,w - P1,0,['m7908'],['11:51:48'],['+50:17:42'],[],[],K. C. Chambers
2024jpr,10:49:28.389,+32:36:18.99,2024-05-28 04:42:38.998,2024-05-29,19.0202,ABMag,g - ZTF,0,['m6257'],['10:50:27'],['+32:34:18'],[],[],A. Munoz-Arancibia
2024jtw,11:49:28.255,+56:29:03.94,2024-03-02 11:21:51.264,2024-05-30,21.11,ABMag,w - P1,0,['m8315' 'm8316'],['11:42:18' '11:57:23'],['+55:44:54' '+55:44:54'],[],[],K. C. Chambers
2024ked,11:15:29.709,+56:51:34.05,2024-06-02 06:43:47.424,2024-06-04,19.106,ABMag,orange - ATLAS,0,['m8407'],['11:21:01'],['+57:06:42'],[],[],J. Tonry
2024kiv,11:07:18.291,+28:45:12.08,2024-02-17 12:49:05.376,2024-06-05,21.3,ABMag,w - P1,0,['m5820'],['11:02:17'],['+28:28:54'],[],[],K. C. Chambers
2024kjp,05:16:34.798,-15:29:00.05,2024-02-14 05:52:42.816,2024-06-06,21.62,ABMag,w - P1,0,['m0520'],['05:12:42'],['-15:08:42'],[],[],K. C. Chambers
2024klg,11:48:37.313,+51:00:56.96,2024-06-06 06:32:38.688,2024-06-07,19.231,ABMag,orange - ATLAS,0,['m7908'],['11:51:48'],['+50:17:42'],[],[],J. Tonry
2024klg,11:48:37.313,+51:00:56.96,2024-06-06 06:32:38.688,2024-06-08,19.231,ABMag,orange - ATLAS,12,['m7908'],['11:51:48'],['+50:17:42'],"['177.156' '51.01545' 'G' '263.027' '0.0587177093589' '1.7977445506583258'
 '2.2924674573852744']","['177.155617' '51.015404' 'Galaxy' '250.11273069639924' '0.05858'
 '1.541563108520227' '1.8692697296706868']",J. Tonry
2024krz,10:14:47.249,+21:50:40.79,2024-03-02 07:25:35.616,2024-06-10,21.43,ABMag,w - P1,0,['m5047'],['10:17:14'],['+21:39:54'],[],[],K. C. Chambers
2024kxg,23:36:12.053,+21:29:20.80,2024-06-09 04:58:35.904,2024-06-11,17.22,ABMag,L - GOTO,0,['m5134'],['23:32:19'],['+21:39:54'],[],[],G. Ramsay
2024ldj,01:50:00.064,+21:11:11.49,2024-06-07 11:23:28.999,2024-06-14,19.9994,ABMag,r - ZTF,0,['m4992'],['01:54:36'],['+21:39:54'],[],[],Jyotsna Ravi (UC Berkeley)
2024lfs,12:08:39.605,+53:41:15.09,2024-06-14 05:25:44.000,2024-06-15,18.224,ABMag,g - ZTF,0,['m8119'],['12:07:44'],['+53:01:18'],[],[],I. Pérez-Fournon
2024lfw,12:09:23.015,+53:14:33.18,2024-06-12 07:21:19.872,2024-06-15,19.301,ABMag,orange - ATLAS,0,['m8119'],['12:07:44'],['+53:01:18'],[],[],J. Tonry
2024lgm,10:28:40.608,+73:24:58.87,2024-06-14 06:12:31.680,2024-06-15,18.7,ABMag,orange - ATLAS,0,['m9253'],['10:13:12'],['+73:28:18'],[],[],J. Tonry
2024lhr,12:27:02.143,+75:31:19.50,2024-06-15 06:20:40.000,2024-06-16,20.0,ABMag,g - ZTF,0,['m9303'],['12:11:47'],['+74:50:06'],[],[],I. Pérez-Fournon
2023adup,10:48:25.732,+53:25:31.31,2023-06-16 06:23:31.776,2024-06-17,20.33,ABMag,g - P1,0,['m8113'],['10:43:01'],['+53:01:18'],[],[],D. O. Jones (UC Santa Cruz)
2024log,02:47:28.060,-00:17:06.65,2024-06-13 01:58:04.800,2024-06-19,18.62,ABMag,G - Gaia,0,['m2344'],['02:45:57'],['-00:08:54'],[],[],S.T. Hodgkin
2024lpg,13:29:17.001,+48:07:54.93,2024-06-06 06:42:55.584,2024-06-19,20.38,ABMag,g - P1,0,['m7694'],['13:32:26'],['+47:34:06'],[],[],D. O. Jones (UC Santa Cruz)
2024lqe,10:40:59.827,+52:40:46.17,2024-04-27 07:17:05.856,2024-06-19,20.87,ABMag,i - P1,0,['m8113'],['10:43:01'],['+53:01:18'],[],[],D. O. Jones (UC Santa Cruz)
2023advl,03:17:20.011,+41:41:06.34,2023-12-30 08:01:47.712,2024-06-20,20.94,ABMag,r - P1,0,['m7161'],['03:20:49'],['+42:06:54'],[],[],D. O. Jones (UC Santa Cruz)
2024lyc,23:18:37.747,+07:23:11.62,2024-06-19 13:47:47.904,2024-06-22,21.69,ABMag,w - P1,0,['m3502'],['23:22:45'],['+08:01:54'],[],[],K. C. Chambers
2024mbq,11:56:09.850,+31:53:23.83,2024-04-10 06:02:32.064,2024-06-23,20.41,ABMag,w - P1,0,['m6264' 'm6263'],['12:01:00' '11:50:56'],['+32:34:18' '+32:34:18'],[],[],K. C. Chambers
2024mea,12:04:54.391,+50:57:17.95,2024-03-18 09:34:50.016,2024-06-23,20.56,ABMag,w - P1,0,['m7909'],['12:05:06'],['+50:17:42'],[],[],K. C. Chambers
2024mew,11:42:12.876,+17:48:31.10,2024-04-08 06:13:09.696,2024-06-23,21.43,ABMag,w - P1,0,['m4577'],['11:39:43'],['+17:34:30'],[],[],K. C. Chambers
2024mod,23:33:43.479,+02:04:13.00,2024-06-19 13:50:37.248,2024-06-24,21.3,ABMag,w - P1,0,['m2830'],['23:35:54'],['+02:34:42'],[],[],K. C. Chambers
2024msv,23:08:06.590,+03:11:19.03,2024-06-22 11:36:57.600,2024-06-26,18.42,ABMag,G - Gaia,0,['m2996'],['23:12:17'],['+03:56:30'],[],[],S.T. Hodgkin
2024nkz,09:13:18.740,+40:33:10.51,2024-05-22 06:32:55.968,2024-07-02,20.06,ABMag,i - P1,0,['m7065'],['09:15:25'],['+40:45:06'],[],[],K. C. Chambers
2024noe,12:02:05.480,+31:58:22.97,2024-06-29 23:02:25.728,2024-07-03,19.36,ABMag,L - GOTO,0,['m6264'],['12:01:00'],['+32:34:18'],[],[],D. O'Neill
2024npg,03:17:13.509,+42:39:09.79,2024-06-27 11:15:21.997,2024-07-03,20.167,ABMag,r - ZTF,0,['m7161'],['03:20:49'],['+42:06:54'],[],[],Neil Pichay (Caltech
2024nsa,19:32:33.321,-05:24:03.20,2024-07-01 12:21:33.408,2024-07-04,18.818,ABMag,orange - ATLAS,0,['m1786'],['19:33:46'],['-05:36:06'],[],[],J. Tonry
2024nwb,23:23:49.086,+23:15:29.94,2024-07-05 04:40:11.712,2024-07-06,19.23,ABMag,L - GOTO,0,['m5290'],['23:27:45'],['+23:01:42'],[],[],A. Kumar
2024nxq,10:45:02.048,+33:19:34.56,2024-04-20 10:22:20.352,2024-07-07,19.83,ABMag,i - P1,0,['m6257'],['10:50:27'],['+32:34:18'],[],[],K. C. Chambers
2024olz,23:12:02.753,+03:20:30.55,2024-06-19 13:43:59.808,2024-07-08,21.22,ABMag,w - P1,0,['m2996'],['23:12:17'],['+03:56:30'],[],[],K. C. Chambers
2024omi,23:11:51.444,+04:17:21.39,2024-06-19 13:43:59.808,2024-07-08,21.12,ABMag,w - P1,0,['m2996'],['23:12:17'],['+03:56:30'],[],[],K. C. Chambers
2024phg,01:26:03.765,-07:14:50.16,2024-07-11 04:39:47.520,2024-07-12,19.2,ABMag,L - GOTO,0,['m1491'],['01:30:11'],['-06:57:54'],[],[],T. Killestein
2024phl,10:16:53.850,+73:24:03.20,2024-07-10 14:54:44.640,2024-07-12,12.6,VegaMag,Clear - ,0,['m9253'],['10:13:12'],['+73:28:18'],[],[],Ya.Kechin
2024pho,12:27:22.424,+64:19:28.85,2024-06-18 05:16:48.000,2024-07-12,20.2,ABMag,g - ZTF,0,['m8828'],['12:24:47'],['+63:55:42'],[],[],Priscila Pessi (OKC)
2024pnq,13:17:40.652,+62:35:31.27,2024-07-14 06:42:03.744,2024-07-16,19.206,ABMag,orange - ATLAS,0,['m8755'],['13:22:36'],['+62:33:54'],[],[],J. Tonry
2024poy,02:50:02.357,-17:02:53.13,2024-07-01 09:50:29.000,2024-07-17,18.69,ABMag,BG-q - BlackGem,0,['m0341'],['02:53:05'],['-16:30:30'],[],[],S. Faris
2024prd,01:33:12.031,-06:24:03.75,2024-07-17 13:28:42.240,2024-07-18,18.968,ABMag,orange - ATLAS,0,['m1491'],['01:30:11'],['-06:57:54'],[],[],J. Tonry
2024pts,01:05:04.180,-07:08:46.61,2024-07-16 10:57:06.998,2024-07-20,19.4069,ABMag,g - ZTF,0,['m1488'],['01:04:31'],['-06:57:54'],[],[],Jesper Sollerman (SU)
2024pvh,11:45:48.573,+32:58:48.96,2024-07-21 06:39:04.896,2024-07-22,17.608,ABMag,orange - ATLAS,0,['m6263'],['11:50:56'],['+32:34:18'],[],[],J. Tonry
2024pvt,03:38:06.171,-17:50:53.34,2024-06-29 09:32:18.816,2024-07-23,18.831,ABMag,orange - ATLAS,0,['m0185'],['03:38:59'],['-17:52:18'],[],[],J. Tonry
2024pvu,23:31:11.947,+22:15:31.71,2024-07-10 10:41:47.996,2024-07-23,18.9182,ABMag,g - ZTF,12,['m5134'],['23:32:19'],['+21:39:54'],"['352.799805' '22.258978' 'G' '331.410701356' '0.073209'
 '0.6168343785038094' '0.99108285955996']","['352.799706' '22.258849' 'Galaxy' '201.1884205905175' '0.047'
 '0.2843549660226719' '0.27735670256569134']",Kate Bostow (UC Berkeley)
2024pwa,23:15:24.016,+03:53:04.19,2024-07-22 09:35:50.000,2024-07-23,18.79,ABMag,g - ZTF,12,['m2996'],['23:12:17'],['+03:56:30'],"['348.850159' '3.884122' 'G' '358.492908076' '0.078871'
 '1.3909145782121568' '2.4174410608336094']","['348.850146' '3.883918' 'Galaxy' '259.4625326907049' '0.0608'
 '2.104578843377871' '2.647370469463619']",I. Pérez-Fournon
2024pyj,14:00:45.251,+60:25:52.38,2024-07-21 05:18:04.999,2024-07-25,19.628,ABMag,g - ZTF,0,['m8594'],['13:57:25'],['+59:50:18'],[],[],Jesper Sollerman (SU)
2024pzm,10:45:50.140,+52:53:07.87,2024-07-20 09:31:40.800,2024-07-25,18.89,ABMag,G - Gaia,0,['m8113'],['10:43:01'],['+53:01:18'],[],[],S.T. Hodgkin
2024qhu,23:00:41.267,+16:31:56.53,2024-07-25 09:40:35.002,2024-07-29,19.2882,ABMag,r - ZTF,0,['m4492'],['23:04:36'],['+16:12:42'],[],[],Jesper Sollerman (SU)
2024qpm,01:57:01.420,+21:38:17.92,2024-07-24 10:12:41.999,2024-07-31,19.8425,ABMag,r - ZTF,0,['m4992'],['01:54:36'],['+21:39:54'],[],[],Jesper Sollerman (SU)
2024qvs,23:32:17.888,+21:49:43.15,2024-07-30 10:54:19.296,2024-08-02,19.89,ABMag,w - P1,0,['m5134'],['23:32:19'],['+21:39:54'],[],[],K. C. Chambers
2024rkd,23:08:56.676,+03:14:04.16,2024-08-05 08:29:25.995,2024-08-06,19.4941,ABMag,g - ZTF,0,['m2996'],['23:12:17'],['+03:56:30'],[],[],Jesper Sollerman (SU)
2024rot,01:34:21.555,+04:46:26.88,2024-08-07 10:54:16.998,2024-08-08,19.0957,ABMag,g - ZTF,0,['m3013'],['01:38:26'],['+05:18:18'],[],[],A. Munoz-Arancibia
2024rtx,02:33:46.667,+30:11:13.88,2024-08-08 13:28:06.816,2024-08-11,19.202,ABMag,cyan - ATLAS,0,['m5916'],['02:32:10'],['+29:50:42'],[],[],J. Tonry
2024sea,07:07:55.610,+18:50:15.64,2024-08-12 12:00:17.997,2024-08-15,18.6706,ABMag,r - ZTF,0,['m4708'],['07:06:52'],['+18:56:18'],[],[],Jesper Sollerman (SU)
2023adxq,19:39:23.390,-06:47:28.40,2023-08-06 17:45:42.912,2024-08-20,18.77,VegaMag,Clear - ,0,['m1618'],['19:36:51'],['-06:57:54'],[],[],Mi Zhang
2024sqd,01:37:06.341,+04:42:04.42,2024-08-14 14:08:05.280,2024-08-25,20.93,ABMag,w - P1,0,['m3013'],['01:38:26'],['+05:18:18'],[],[],K. C. Chambers
2024sst,23:05:56.430,+16:28:22.05,2024-08-25 07:20:27.997,2024-08-26,19.5968,ABMag,g - ZTF,0,['m4492'],['23:04:36'],['+16:12:42'],[],[],Jesper Sollerman (SU)
