TNS_ID,RA,DEC,DiscoveryDate,ReportDate,Mag,MagUnit,Filter,Sep_arcsec,Sep_kpc,Gal_1_type,Gal_1_ABS_Mag,Gal_1_dist,Gal_1_info,SDSS_image,Reporter
2023zcy,10:12:57.263,+39:28:50.28,2023-12-07 14:13:24.960,2023-12-09,20.36,ABMag,w - P1,0.0286586456601654,0.0157407044857067,DG_GALAXY_STARBURST,19.37487917201682,113290.53706349275,"['SDSS_53034_PLATEID_1357_FIBERID_202' '153.23858642578125'
 '39.48063659667969' 'DG_GALAXY_STARBURST' '113290.53706349275'
 '0.028658645660165422' '0.015740704485706733']",Yes,K. C. Chambers
2024art,00:43:01.450,+41:16:17.22,2024-01-23 22:57:59.616,2024-01-25,17.22,ABMag,g - Sloan,7.31821544960533,0.0276741735744802,F_P10 M31 old Cluster,15.009626697305258,780.0,"['P10_B090D' '10.75508' '41.26955' 'F_P10 M31 old Cluster' '780.0'
 '7.31821544960533' '0.02767417357448029']",No,M. Michaud (MCD Observatory) 
2018mmb,12:28:09.510,+44:05:08.02,2018-05-04 06:17:16.800,2024-01-15,19.72,ABMag,r - ZTF,2.638289447322243,0.0390439236418408,DG_QSO_STARBURST,16.762232726238725,3052.5033382098222,"['SDSS_52821_PLATEID_1371_FIBERID_53' '187.03860473632807'
 '44.0855598449707' 'DG_QSO_STARBURST' '3052.5033382098222'
 '2.638289447322243' '0.03904392364184084']",No,C. Fremling (Caltech) on behalf of the Zwicky Transient Facility (ZTF) collaboration
2023zqy,11:15:21.847,+31:31:24.92,2023-12-06 14:33:30.240,2023-12-13,18.744,ABMag,orange - ATLAS,0.1560843283619411,0.0872191407914882,DG_GALAXY_STARBURST,14.04094097969988,115259.74044798306,"['SDSS_53460_PLATEID_2092_FIBERID_577' '168.841064453125'
 '31.523557662963867' 'DG_GALAXY_STARBURST' '115259.74044798306'
 '0.15608432836194117' '0.08721914079148829']",Yes,J. Tonry
2024mq,10:18:37.740,+12:10:45.05,2024-01-04 08:16:47.000,2024-01-07,17.11,ABMag,G - Gaia,0.1993419332274861,0.1507048743795334,DG_GALAXY_STARBURST,11.21936350346005,155938.64880748244,"['SDSS_53062_PLATEID_1746_FIBERID_292' '154.65728759765625'
 '12.179139137268066' 'DG_GALAXY_STARBURST' '155938.64880748244'
 '0.19934193322748614' '0.15070487437953342']",Yes,S.T. Hodgkin
2023aabs,12:03:34.499,+29:54:32.10,2023-12-13 11:38:22.998,2023-12-15,19.3909,ABMag,g - ZTF,0.2019783075897546,0.1885894977851542,DG_GALAXY_STARBURST,13.01331248007594,192591.85150418893,"['SDSS_53818_PLATEID_2228_FIBERID_279' '180.89378356933597'
 '29.90896224975586' 'DG_GALAXY_STARBURST' '192591.85150418893'
 '0.2019783075897546' '0.18858949778515424']",Yes,A. Munoz-Arancibia
2024dsl,11:04:58.622,+29:08:16.06,2024-03-02 12:56:33.792,2024-03-04,19.99,ABMag,w - P1,4.236694776667469,0.1901256411842344,DG_GALAXY_STARBURST,13.594796541557171,9256.326124345434,"['SDSS_53792_PLATEID_2213_FIBERID_359' '166.242919921875'
 '29.13792991638184' 'DG_GALAXY_STARBURST' '9256.326124345434'
 '4.236694776667469' '0.19012564118423447']",Yes,K. C. Chambers
2023wtm,03:17:51.824,-00:06:17.92,2023-11-05 07:31:12.999,2023-11-06,18.673,ABMag,g - ZTF,0.4152361705482906,0.2006024499902421,DG_QSO_STARBURST,12.161318835871487,99647.4498472444,"['SDSS_51821_PLATEID_413_FIBERID_191' '49.4658203125'
 '-0.1050008088350296' 'DG_QSO_STARBURST' '99647.4498472444'
 '0.41523617054829065' '0.20060244999024215']",Yes,F. Forster
2023zgc,10:23:44.586,+54:00:31.68,2023-12-09 07:46:33.600,2023-12-10,19.09,ABMag,r - ZTF,0.2282481102301276,0.2302936969902794,DG_GALAXY_STARFORMING,12.278589741351244,208113.37603303668,"['SDSS_52381_PLATEID_904_FIBERID_597' '155.93569946289062'
 '54.00875473022461' 'DG_GALAXY_STARFORMING' '208113.37603303668'
 '0.22824811023012764' '0.23029369699027943']",Yes,C. Fremling (Caltech) on behalf of the Zwicky Transient Facility (ZTF) collaboration
2024chz,08:40:15.534,+23:22:29.69,2024-02-12 06:12:57.600,2024-02-13,18.9,ABMag,g - ZTF,0.5134313470578178,0.2614134101454042,DG_QSO_STARBURST,11.813360687396964,105019.66173424572,"['SDSS_53358_PLATEID_1931_FIBERID_285' '130.06488037109375'
 '23.374914169311523' 'DG_QSO_STARBURST' '105019.66173424572'
 '0.5134313470578178' '0.26141341014540426']",Yes,C. Fremling (Caltech) on behalf of the Zwicky Transient Facility (ZTF) collaboration
2018mls,11:15:21.894,+31:31:24.90,2018-11-07 12:36:00.000,2023-12-21,19.43,ABMag,r - ZTF,0.501267367208232,0.2801056936909325,DG_GALAXY_STARBURST,12.193390316049566,115259.74044798306,"['SDSS_53460_PLATEID_2092_FIBERID_577' '168.841064453125'
 '31.523557662963867' 'DG_GALAXY_STARBURST' '115259.74044798306'
 '0.501267367208232' '0.2801056936909325']",Yes,C. Fremling (Caltech) on behalf of the Zwicky Transient Facility (ZTF) collaboration
2023uxg,16:58:29.430,+26:06:35.24,2023-10-14 05:06:01.728,2023-10-15,17.534,ABMag,cyan - ATLAS,0.7498362258643831,0.3306108623260254,DG_GALAXY_STARFORMING,9.937414408227635,90944.37306078173,"['SDSS_53446_PLATEID_1693_FIBERID_417' '254.62240600585935'
 '26.10972023010254' 'DG_GALAXY_STARFORMING' '90944.37306078173'
 '0.7498362258643831' '0.3306108623260254']",Yes,J. Tonry
2021aiaw,23:40:52.417,+14:39:28.01,2021-07-21 10:26:24.000,2023-12-21,19.11,ABMag,r - ZTF,0.2835722758373597,0.396190011411527,DG_QSO_STARBURST,11.12048238961506,288180.6963259768,"['SDSS_52233_PLATEID_748_FIBERID_261' '355.21832275390625'
 '14.657781600952148' 'DG_QSO_STARBURST' '288180.6963259768'
 '0.2835722758373597' '0.39619001141152704']",Yes,C. Fremling (Caltech) on behalf of the Zwicky Transient Facility (ZTF) collaboration
2023wpm,10:55:09.000,+21:46:19.88,2023-11-04 11:42:05.003,2023-11-05,18.9779,ABMag,g - ZTF,1.0767506606700536,0.5376985496713357,DG_GALAXY_STARFORMING,10.325205674696283,103002.75748123931,"['SDSS_54144_PLATEID_2484_FIBERID_540' '163.78756713867188'
 '21.771896362304688' 'DG_GALAXY_STARFORMING' '103002.75748123931'
 '1.0767506606700536' '0.5376985496713357']",Yes,F. Forster
2024ceo,15:10:46.313,+09:27:51.76,2024-02-11 10:16:19.200,2024-02-12,19.35,ABMag,g - ZTF,0.7945802141203515,0.5714208471601762,DG_GALAXY_STARFORMING,10.565219596442343,148334.94243651055,"['SDSS_53876_PLATEID_1719_FIBERID_439' '227.6929168701172'
 '9.464591979980469' 'DG_GALAXY_STARFORMING' '148334.94243651055'
 '0.7945802141203515' '0.5714208471601762']",Yes,C. Fremling (Caltech) on behalf of the Zwicky Transient Facility (ZTF) collaboration
2023zkf,15:00:17.004,+14:56:12.00,2023-12-09 13:04:48.000,2023-12-11,17.58,ABMag,r - ZTF,0.8724934397468488,0.5993298732460213,DG_GALAXY_STARFORMING,8.69167037305134,141686.63574156986,"['SDSS_54535_PLATEID_2765_FIBERID_309' '225.07061767578125'
 '14.936758041381836' 'DG_GALAXY_STARFORMING' '141686.63574156986'
 '0.8724934397468488' '0.5993298732460213']",Yes,C. Fremling (Caltech) on behalf of the Zwicky Transient Facility (ZTF) collaboration
2024byl,13:55:15.030,+21:05:04.93,2024-02-07 13:12:52.704,2024-02-09,20.02,ABMag,w - P1,1.4570120776208944,0.8211273715027319,DG_GALAXY_,10.44794735416979,116244.52589890988,"['SDSS_54510_PLATEID_2770_FIBERID_439' '208.81239318847656'
 '21.085044860839844' 'DG_GALAXY_' '116244.52589890988'
 '1.4570120776208944' '0.8211273715027319']",Yes,K. C. Chambers
2018mfz,21:33:41.551,+00:26:09.16,2018-09-08 06:38:15.648,2023-10-14,19.1512,ABMag,g - ZTF,0.641081877654355,0.8660262520577966,DG_QSO_STARBURST,9.463544714560868,278639.5050240174,"['SDSS_52520_PLATEID_988_FIBERID_580' '323.4229736328125'
 '0.4357910454273224' 'DG_QSO_STARBURST' '278639.5050240174'
 '0.641081877654355' '0.8660262520577966']",Yes,Patrick Aleo (UIUC)
2023zqo,12:46:26.582,+30:27:31.43,2023-12-08 15:13:16.608,2023-12-13,19.167,ABMag,orange - ATLAS,2.7528411748372266,0.892524557718774,DG_GALAXY_,9.413899127423257,66875.05499903187,"['SDSS_53828_PLATEID_2237_FIBERID_581' '191.6114501953125'
 '30.458251953125' 'DG_GALAXY_' '66875.05499903187' '2.7528411748372266'
 '0.892524557718774']",Yes,J. Tonry
2024dtt,09:36:32.054,+59:24:19.26,2024-02-29 11:59:29.760,2024-03-05,19.14,ABMag,g - ZTF,1.1549951377445145,0.9868879082641197,DG_QSO_STARBURST,9.168660860698749,176243.37673121717,"['SDSS_51911_PLATEID_452_FIBERID_523' '144.13302612304688'
 '59.40517807006836' 'DG_QSO_STARBURST' '176243.37673121717'
 '1.1549951377445145' '0.9868879082641197']",Yes,J. Nordin
2024bko,08:25:02.363,+38:51:03.23,2024-02-01 10:03:00.000,2024-02-04,19.174,ABMag,orange - ATLAS,1.6244585252193982,1.0034611912262963,DG_GALAXY_STARBURST,9.166497095763823,127413.98131881992,"['SDSS_52615_PLATEID_894_FIBERID_127' '126.25926971435548'
 '38.85084915161133' 'DG_GALAXY_STARBURST' '127413.98131881992'
 '1.6244585252193982' '1.0034611912262965']",Yes,J. Tonry
2023abdi,12:02:02.853,+33:37:10.79,2023-12-17 13:14:04.416,2023-12-25,18.672,ABMag,orange - ATLAS,2.1251650850616923,1.0734042818701248,DG_QSO_STARFORMING,8.51818338310192,104182.74221724807,"['SDSS_53498_PLATEID_2089_FIBERID_320' '180.5118103027344'
 '33.6202507019043' 'DG_QSO_STARFORMING' '104182.74221724807'
 '2.1251650850616923' '1.0734042818701248']",Yes,J. Tonry
2024V,11:52:01.487,+57:41:37.27,2024-01-01 14:18:55.872,2024-01-03,20.07,ABMag,i - P1,1.6905972284652315,1.0837549264922577,DG_GALAXY_STARBURST,9.895344576558877,132225.75795719004,"['SDSS_52781_PLATEID_1312_FIBERID_467' '178.00645446777344'
 '57.6932373046875' 'DG_GALAXY_STARBURST' '132225.75795719004'
 '1.6905972284652317' '1.0837549264922575']",Yes,K. C. Chambers
2023acds,12:45:06.003,+37:04:28.30,2023-12-30 13:05:46.752,2024-01-01,19.55,ABMag,i - P1,0.8264471315189109,1.0843198587177758,DG_GALAXY_STARBURST,9.374212941453768,270624.72242275305,"['SDSS_53827_PLATEID_2022_FIBERID_529' '191.2751922607422'
 '37.07470703125' 'DG_GALAXY_STARBURST' '270624.72242275305'
 '0.8264471315189109' '1.0843198587177758']",Yes,K. C. Chambers
2023acds,12:45:06.003,+37:04:28.30,2023-12-30 13:05:46.752,2023-12-31,19.55,ABMag,i - P1,0.8264471315189109,1.0843198587177758,DG_GALAXY_STARBURST,9.374212941453768,270624.72242275305,"['SDSS_53827_PLATEID_2022_FIBERID_529' '191.2751922607422'
 '37.07470703125' 'DG_GALAXY_STARBURST' '270624.72242275305'
 '0.8264471315189109' '1.0843198587177758']",Yes,K. C. Chambers
2023zxy,12:26:11.239,+53:26:03.09,2023-12-09 10:22:04.800,2023-12-14,19.4,ABMag,g - ZTF,1.235160527656347,1.3178061795640237,DG_QSO_STARBURST,8.800742301273328,220066.16161267212,"['SDSS_52374_PLATEID_884_FIBERID_404' '186.5465087890625'
 '53.43390655517578' 'DG_QSO_STARBURST' '220066.16161267215'
 '1.235160527656347' '1.3178061795640235']",Yes,C. Fremling (Caltech) on behalf of the Zwicky Transient Facility (ZTF) collaboration
2023wgr,17:08:38.668,+32:33:52.46,2023-11-02 03:28:46.998,2023-11-03,18.4334,ABMag,g - ZTF,2.7375341315218327,1.3441678531510275,DG_GALAXY_STARFORMING,7.791132476554134,101278.92785182282,"['SDSS_52426_PLATEID_973_FIBERID_25' '257.160400390625'
 '32.564109802246094' 'DG_GALAXY_STARFORMING' '101278.92785182282'
 '2.7375341315218327' '1.3441678531510277']",Yes,A. Munoz-Arancibia
2023zdx,14:27:36.682,+41:15:35.10,2023-12-08 15:15:07.200,2023-12-10,17.049,ABMag,orange - ATLAS,7.212961065708515,1.3460457238163197,DG_GALAXY_STARFORMING,6.40370093657862,38492.07806711667,"['SDSS_53084_PLATEID_1348_FIBERID_584' '216.9025421142578'
 '41.25775909423828' 'DG_GALAXY_STARFORMING' '38492.07806711667'
 '7.212961065708515' '1.3460457238163195']",Yes,J. Tonry
2024J,08:27:25.620,+03:28:50.03,2024-01-01 13:49:08.256,2024-01-02,18.791,ABMag,orange - ATLAS,1.9877733696395945,1.3875895081702327,DG_GALAXY_STARFORMING,8.079694963006187,143985.67031198842,"['SDSS_52642_PLATEID_1185_FIBERID_53' '126.85719299316406'
 '3.480233192443848' 'DG_GALAXY_STARFORMING' '143985.67031198842'
 '1.9877733696395943' '1.3875895081702327']",Yes,J. Tonry
2023aakj,13:00:29.167,+28:27:19.21,2023-12-17 13:57:18.144,2023-12-19,19.127,ABMag,orange - ATLAS,2.806463279132887,1.4118580333907076,DG_GALAXY_,8.378044853583752,103766.41158142863,"['SDSS_53499_PLATEID_2011_FIBERID_110' '195.1223297119141'
 '28.455671310424805' 'DG_GALAXY_' '103766.41158142863'
 '2.806463279132887' '1.4118580333907076']",Yes,J. Tonry
2024of,13:12:04.174,+33:45:04.93,2024-01-02 10:13:26.400,2024-01-07,19.91,ABMag,g - ZTF,0.6592989425341876,1.4205816694983788,DG_QSO_STARBURST,9.147668967773098,444435.7239337696,"['SDSS_53818_PLATEID_2093_FIBERID_434' '198.01730346679688'
 '33.75120162963867' 'DG_QSO_STARBURST' '444435.7239337696'
 '0.6592989425341876' '1.4205816694983788']",Yes,C. Fremling (Caltech) on behalf of the Zwicky Transient Facility (ZTF) collaboration
2023zfu,11:23:16.746,+33:56:46.94,2023-12-09 10:42:14.400,2023-12-10,19.01,ABMag,r - ZTF,2.026715569467378,1.468215476371684,DG_GALAXY_STARFORMING,8.176051011841167,149424.6086248057,"['SDSS_53713_PLATEID_2100_FIBERID_465' '170.81954956054688'
 '33.946903228759766' 'DG_GALAXY_STARFORMING' '149424.6086248057'
 '2.026715569467378' '1.4682154763716841']",Yes,C. Fremling (Caltech) on behalf of the Zwicky Transient Facility (ZTF) collaboration
2024cso,08:00:04.852,+10:21:15.22,2024-01-15 09:07:09.408,2024-02-16,20.5306,ABMag,g - ZTF,1.624829001639955,1.5948277990579731,DG_GALAXY_STARFORMING,9.5170310143075,202456.2871739668,"['SDSS_53794_PLATEID_2418_FIBERID_184' '120.0206069946289'
 '10.35399055480957' 'DG_GALAXY_STARFORMING' '202456.2871739668'
 '1.624829001639955' '1.5948277990579731']",Yes,K. De (Caltech) on behalf of ZTF
2023ynh,16:12:59.710,+30:50:24.32,2023-11-07 19:03:21.600,2023-11-28,18.21,ABMag,G - Gaia,3.570069290102841,1.6778543337504677,DG_GALAXY_STARFORMING,7.086228730034812,96939.93895858664,"['SDSS_53146_PLATEID_1420_FIBERID_310' '243.2496795654297'
 '30.839454650878903' 'DG_GALAXY_STARFORMING' '96939.93895858664'
 '3.5700692901028415' '1.6778543337504677']",Yes,S.T. Hodgkin
2024anc,10:58:16.001,+23:41:37.41,2024-01-18 11:19:13.152,2024-01-20,18.779,ABMag,orange - ATLAS,3.990825767241446,1.769763737579101,DG_GALAXY_STARFORMING,7.539423539135573,91469.78488392576,"['SDSS_53876_PLATEID_2486_FIBERID_413' '164.56736755371094'
 '23.69463157653809' 'DG_GALAXY_STARFORMING' '91469.78488392576'
 '3.990825767241446' '1.7697637375791013']",Yes,J. Tonry
2023zzg,15:26:49.705,+06:42:51.94,2023-12-12 13:25:39.003,2023-12-15,19.4003,ABMag,r - ZTF,2.559874480375304,1.77270878223384,DG_GALAXY_STARFORMING,8.157113018715103,142838.03222396516,"['SDSS_54540_PLATEID_1819_FIBERID_174' '231.7064208984375'
 '6.714215278625488' 'DG_GALAXY_STARFORMING' '142838.03222396516'
 '2.559874480375304' '1.77270878223384']",Yes,A. Munoz-Arancibia
2018mke,02:13:23.753,-00:11:20.10,2018-12-29 06:27:19.872,2023-10-14,20.0231,ABMag,g - ZTF,1.7739302687409937,1.7744433712282104,DG_QSO_STARBURST,8.777789279850566,206324.46754718496,"['SDSS_51816_PLATEID_405_FIBERID_187' '33.34891128540039'
 '-0.1894058138132095' 'DG_QSO_STARBURST' '206324.46754718496'
 '1.7739302687409935' '1.7744433712282104']",Yes,Patrick Aleo (UIUC)
2023yum,00:55:02.913,+00:57:05.66,2023-12-02 19:06:03.168,2023-12-06,18.706,ABMag,orange - ATLAS,1.3690573364971057,1.806805166428783,DG_QA_STARBURST,7.42144338137593,272216.73457170324,"['SDSS_52201_PLATEID_692_FIBERID_525' '13.761881828308104'
 '0.9512906670570374' 'DG_QA_STARBURST' '272216.73457170324'
 '1.3690573364971055' '1.806805166428783']",Yes,J. Tonry
2023zms,13:10:53.571,+08:42:11.86,2023-12-09 12:11:55.997,2023-12-12,17.2196,ABMag,g - ZTF,4.167531429459368,1.854696748056083,DG_GALAXY_STARFORMING,5.8782354475280485,91795.02827203448,"['SDSS_53884_PLATEID_1796_FIBERID_81' '197.724365234375'
 '8.703498840332031' 'DG_GALAXY_STARFORMING' '91795.02827203448'
 '4.167531429459368' '1.854696748056083']",Yes,A. Munoz-Arancibia
2024pz,22:41:15.155,+23:24:23.12,2024-01-02 02:58:33.600,2024-01-08,19.92,ABMag,g - ZTF,3.8317316473198586,1.894641346051002,DG_STAR_WHITE_DWARF_STARBURST,8.532364947405098,101989.87458430754,"['SDSS_53612_PLATEID_2261_FIBERID_428' '340.3122863769531'
 '23.407136917114254' 'DG_STAR_WHITE_DWARF_STARBURST' '101989.87458430754'
 '3.8317316473198586' '1.894641346051002']",Yes,C. Fremling (Caltech) on behalf of the Zwicky Transient Facility (ZTF) collaboration
2023xrj,14:00:43.913,+19:06:47.12,2023-11-13 13:03:39.001,2023-11-14,18.1525,ABMag,r - ZTF,2.668764527961014,2.052108200147535,DG_GALAXY_STARFORMING,6.591498720997574,158604.36388074348,"['SDSS_54509_PLATEID_2757_FIBERID_369' '210.1828765869141'
 '19.11382484436035' 'DG_GALAXY_STARFORMING' '158604.36388074348'
 '2.668764527961014' '2.052108200147535']",Yes,A. Munoz-Arancibia
2024pc,13:09:44.066,+49:55:07.23,2024-01-06 10:29:31.004,2024-01-07,18.6136,ABMag,g - ZTF,2.074302860413506,2.055137544605878,DG_GALAXY_STARBURST,7.049395533503162,204359.04300322,"['SDSS_52753_PLATEID_1281_FIBERID_420' '197.43389892578125'
 '49.919219970703125' 'DG_GALAXY_STARBURST' '204359.04300322'
 '2.074302860413506' '2.055137544605878']",Yes,F. Forster
2024btx,11:54:55.428,+29:20:34.12,2024-02-06 11:31:11.136,2024-02-07,19.359,ABMag,cyan - ATLAS,5.050171156508309,2.2419617040104685,DG_GALAXY_STARBURST,7.605859050317584,91568.73741016316,"['SDSS_53729_PLATEID_2225_FIBERID_317' '178.73252868652344'
 '29.342538833618164' 'DG_GALAXY_STARBURST' '91568.73741016316'
 '5.050171156508309' '2.2419617040104685']",Yes,J. Tonry
2023vhk,10:04:56.310,+27:28:53.94,2023-10-18 14:23:28.896,2023-10-19,17.623,ABMag,cyan - ATLAS,2.3539626276237318,2.536809481187408,DG_GALAXY_STARFORMING,5.6015607391296935,222286.67098637955,"['SDSS_53757_PLATEID_2345_FIBERID_64' '151.23529052734375'
 '27.481369018554688' 'DG_GALAXY_STARFORMING' '222286.67098637955'
 '2.3539626276237313' '2.536809481187408']",Yes,J. Tonry
2024akc,13:38:29.425,+67:01:27.03,2024-01-17 11:46:01.004,2024-01-18,19.8433,ABMag,g - ZTF,2.214305386275901,2.6047311465265057,DG_GALAXY_STARFORMING,7.764485483906128,242633.3642128152,"['SDSS_51989_PLATEID_497_FIBERID_411' '204.62417602539065'
 '67.02413177490234' 'DG_GALAXY_STARFORMING' '242633.3642128152'
 '2.2143053862759015' '2.6047311465265057']",Yes,A. Munoz-Arancibia
2024drw,11:12:26.545,+64:21:35.98,2024-03-02 11:36:21.312,2024-03-04,18.654,ABMag,orange - ATLAS,9.035791592983347,2.640273589670909,DG_QSO_STARFORMING,6.545755342302204,60270.92533637144,"['SDSS_52370_PLATEID_596_FIBERID_490' '168.1157684326172'
 '64.36113739013672' 'DG_QSO_STARFORMING' '60270.92533637144'
 '9.035791592983347' '2.640273589670909']",No,J. Tonry
2023zjn,08:18:40.415,+26:32:07.12,2023-12-09 12:52:12.000,2023-12-11,20.27,ABMag,w - P1,6.453439446933977,2.7216033898277834,DG_GALAXY_,8.095875814030503,86987.87685519394,"['SDSS_52709_PLATEID_1266_FIBERID_504' '124.6703872680664'
 '26.53550910949707' 'DG_GALAXY_' '86987.87685519394' '6.453439446933977'
 '2.7216033898277834']",Yes,K. C. Chambers
2023xhg,21:10:36.874,+09:19:47.46,2023-11-09 05:30:52.128,2023-11-10,20.67,ABMag,i - P1,2.232036457262106,3.151210274838941,DG_GALAXY_STARBURST,8.177613080678219,291206.6129845053,"['SDSS_52520_PLATEID_728_FIBERID_249' '317.6542663574219'
 '9.32978343963623' 'DG_GALAXY_STARBURST' '291206.6129845053'
 '2.232036457262106' '3.1512102748389412']",Yes,D. O. Jones (UC Santa Cruz)
2023xzy,15:53:32.760,+32:30:48.20,2023-11-09 02:54:14.400,2023-11-19,18.26,ABMag,G - Gaia,2.885843347952048,3.493832412183472,DG_GALAXY_STARFORMING,5.543489652760711,249720.64616081145,"['SDSS_52825_PLATEID_1404_FIBERID_236' '238.38743591308597'
 '32.51324844360352' 'DG_GALAXY_STARFORMING' '249720.64616081145'
 '2.885843347952048' '3.493832412183472']",Yes,S.T. Hodgkin
2023abun,16:00:29.990,+14:30:08.66,2023-12-17 13:29:16.800,2023-12-29,17.56,ABMag,r - ZTF,4.66905261765611,3.5170489934791878,DG_GALAXY_STARFORMING,4.829107908984723,155372.7251816944,"['SDSS_54538_PLATEID_2521_FIBERID_108' '240.1237945556641'
 '14.503047943115234' 'DG_GALAXY_STARFORMING' '155372.7251816944'
 '4.66905261765611' '3.5170489934791873']",No,C. Fremling (Caltech) on behalf of the Zwicky Transient Facility (ZTF) collaboration
2023zjg,12:22:43.206,+24:49:15.48,2023-12-09 14:32:21.120,2023-12-11,19.137,ABMag,cyan - ATLAS,7.968112758301363,3.74793775670474,DG_GALAXY_STARFORMING,6.268038151013252,97020.1701092868,"['SDSS_54502_PLATEID_2658_FIBERID_185' '185.68240356445312'
 '24.82047843933105' 'DG_GALAXY_STARFORMING' '97020.1701092868'
 '7.968112758301363' '3.74793775670474']",Yes,J. Tonry
2023abdk,09:24:56.824,+40:23:57.34,2023-12-24 10:53:53.376,2023-12-25,18.153,ABMag,orange - ATLAS,6.797119654766589,3.966032940198005,DG_QSO_STARBURST,5.161218415244077,120352.89322016366,"['SDSS_52708_PLATEID_938_FIBERID_627' '141.2356719970703'
 '40.40095520019531' 'DG_QSO_STARBURST' '120352.89322016366'
 '6.797119654766589' '3.966032940198005']",Yes,J. Tonry
2023xtf,07:37:36.141,+38:31:02.19,2023-11-14 11:20:09.312,2023-11-15,18.9236,ABMag,r - ZTF,5.657465630505188,4.1800062513998855,DG_GALAXY_STARFORMING,5.817715343581231,152398.30621931268,"['SDSS_51877_PLATEID_431_FIBERID_573' '114.39977264404295'
 '38.51583862304688' 'DG_GALAXY_STARFORMING' '152398.30621931268'
 '5.657465630505188' '4.1800062513998855']",Yes,K. De (Caltech) on behalf of ZTF
2023uht,10:05:54.018,+37:04:51.73,2023-10-07 14:47:28.320,2023-10-08,18.457,ABMag,orange - ATLAS,5.942710525760449,4.260754515934402,DG_GALAXY_STARFORMING,5.309567435130415,147886.00267826757,"['SDSS_52993_PLATEID_1426_FIBERID_134' '151.47708129882812'
 '37.08143997192383' 'DG_GALAXY_STARFORMING' '147886.00267826757'
 '5.942710525760449' '4.260754515934402']",Yes,J. Tonry
2023xxt,11:26:12.081,+27:11:52.08,2023-11-17 14:50:08.160,2023-11-18,19.06,ABMag,cyan - ATLAS,8.778763323536904,4.359585981747503,DG_GALAXY_STARFORMING,5.862773762808487,102432.32728448976,"['SDSS_53816_PLATEID_2218_FIBERID_423' '171.55227661132812'
 '27.19952392578125' 'DG_GALAXY_STARFORMING' '102432.32728448976'
 '8.778763323536904' '4.359585981747503']",Yes,J. Tonry
2024cdo,11:15:36.537,+09:50:23.53,2024-02-08 11:19:25.248,2024-02-12,19.318,ABMag,cyan - ATLAS,3.2226225525278176,4.382616979401451,DG_STAR_WHITE_DWARF_STARBURST,6.109332415154837,280510.5554190078,"['SDSS_54169_PLATEID_2413_FIBERID_518' '168.90272521972656'
 '9.83911418914795' 'DG_STAR_WHITE_DWARF_STARBURST' '280510.5554190078'
 '3.2226225525278176' '4.382616979401451']",Yes,J. Tonry
2023aabj,13:58:56.785,+13:14:48.23,2023-12-13 11:57:54.996,2023-12-15,19.6029,ABMag,g - ZTF,5.4567945843585175,4.4633776909918605,DG_GALAXY_STARBURST,6.354581808040955,168714.01707207615,"['SDSS_53883_PLATEID_1778_FIBERID_61' '209.73541259765625'
 '13.247706413269045' 'DG_GALAXY_STARBURST' '168714.01707207615'
 '5.4567945843585175' '4.4633776909918605']",Yes,A. Munoz-Arancibia
2023zzp,08:02:37.356,+40:23:18.55,2023-12-13 08:41:16.800,2023-12-15,19.13,ABMag,r - ZTF,5.090096912020971,4.548212517065707,DG_GALAXY_STARBURST,5.840796254626159,184306.15169837515,"['SDSS_52202_PLATEID_545_FIBERID_273' '120.65595245361328'
 '40.3898811340332' 'DG_GALAXY_STARBURST' '184306.15169837515'
 '5.090096912020971' '4.548212517065707']",Yes,C. Fremling (Caltech) on behalf of the Zwicky Transient Facility (ZTF) collaboration
2023zgf,13:00:32.020,+08:31:21.11,2023-12-09 11:26:52.800,2023-12-10,19.15,ABMag,g - ZTF,4.437174488168554,4.771581846175842,DG_GALAXY_STARBURST,5.756688111948394,221809.9395556518,"['SDSS_53883_PLATEID_1793_FIBERID_210' '195.1343231201172'
 '8.521684646606445' 'DG_GALAXY_STARBURST' '221809.9395556518'
 '4.437174488168554' '4.771581846175842']",Yes,C. Fremling (Caltech) on behalf of the Zwicky Transient Facility (ZTF) collaboration
2023wdi,20:45:14.686,-05:29:01.36,2023-10-31 06:00:00.000,2023-11-02,16.7,ABMag,g - Sloan,8.73967747040963,4.926110366144124,DG_GALAXY_STARBURST,3.237479311580758,116260.9494164862,"['SDSS_52164_PLATEID_634_FIBERID_631' '311.3118896484375'
 '-5.486037254333496' 'DG_GALAXY_STARBURST' '116260.9494164862'
 '8.73967747040963' '4.926110366144124']",Yes,K. Z. Stanek
2023ujf,01:23:04.875,+14:14:25.86,2023-10-07 07:52:34.752,2023-10-09,20.2,ABMag,w - P1,4.723233967715075,5.201394840726184,DG_GALAXY_,6.619400887211221,227146.2109205499,"['SDSS_51893_PLATEID_424_FIBERID_175' '20.76922416687012'
 '14.239736557006836' 'DG_GALAXY_' '227146.2109205499' '4.723233967715075'
 '5.201394840726184']",Yes,K. C. Chambers
2024daa,14:25:57.210,-02:23:32.21,2024-02-17 14:39:41.760,2024-02-19,19.76,ABMag,w - P1,8.366238522390223,5.437734853997395,DG_GALAXY_,6.082909862975033,134064.23007861187,"['SDSS_52404_PLATEID_918_FIBERID_223' '216.4873046875'
 '-2.394343852996826' 'DG_GALAXY_' '134064.23007861187'
 '8.366238522390223' '5.437734853997395']",Yes,K. C. Chambers
2024ach,17:26:17.932,+58:10:28.74,2024-01-06 13:18:23.616,2024-01-16,19.7471,ABMag,g - ZTF,9.61252470731766,5.565440818650524,DG_GALAXY_,6.019602155275834,119422.795487558,"['SDSS_52017_PLATEID_366_FIBERID_214' '261.5716552734375'
 '58.17677688598633' 'DG_GALAXY_' '119422.795487558' '9.612524707317661'
 '5.565440818650524']",No,K. De (Caltech) on behalf of ZTF
2024bic,12:24:37.067,+24:35:44.49,2024-02-01 10:08:21.002,2024-02-02,18.3404,ABMag,g - ZTF,5.254470218285915,5.910546215908353,DG_GALAXY_STARFORMING,4.482261912350527,232019.14168868857,"['SDSS_54502_PLATEID_2658_FIBERID_166' '186.1538848876953'
 '24.59432411193848' 'DG_GALAXY_STARFORMING' '232019.14168868857'
 '5.254470218285915' '5.910546215908353']",Yes,A. Munoz-Arancibia
2023ysu,11:05:25.376,+32:01:04.78,2023-12-03 13:26:10.176,2023-12-06,18.734,ABMag,orange - ATLAS,7.424136921297538,6.13215574087443,DG_GALAXY_STARFORMING,4.795934118612566,170369.69135128165,"['SDSS_53714_PLATEID_2106_FIBERID_90' '166.35330200195312'
 '32.01805114746094' 'DG_GALAXY_STARFORMING' '170369.69135128165'
 '7.424136921297538' '6.13215574087443']",Yes,J. Tonry
2023ubs,08:49:54.011,+40:31:10.21,2023-10-04 15:13:43.392,2023-10-06,19.28,ABMag,y - P1,8.777406191463035,6.3393322189435,DG_GALAXY_STARBURST,5.269782440009589,148971.24542835858,"['SDSS_52293_PLATEID_830_FIBERID_242' '132.47213745117188'
 '40.5205307006836' 'DG_GALAXY_STARBURST' '148971.24542835858'
 '8.777406191463035' '6.3393322189434995']",Yes,K. C. Chambers
2023vba,08:34:12.225,+12:55:31.23,2023-10-13 14:07:11.712,2023-10-16,20.34,ABMag,w - P1,4.655963516437436,6.368847087833395,DG_GALAXY_STARBURST,6.319695890685043,282147.6169172692,"['SDSS_54139_PLATEID_2425_FIBERID_13' '128.5511474609375'
 '12.924064636230469' 'DG_GALAXY_STARBURST' '282147.6169172692'
 '4.655963516437436' '6.368847087833395']",Yes,K. C. Chambers
2024cfp,17:05:59.744,+25:00:41.32,2024-02-11 12:08:35.998,2024-02-12,19.1306,ABMag,r - ZTF,9.206314236299738,7.162697059243955,DG_GALAXY_STARFORMING,4.855217083018063,160478.15481186283,"['SDSS_53260_PLATEID_1687_FIBERID_569' '256.4985656738281'
 '25.014013290405277' 'DG_GALAXY_STARFORMING' '160478.15481186283'
 '9.206314236299738' '7.162697059243955']",Yes,F. Forster
2023znt,11:36:37.876,+60:57:57.82,2023-12-09 09:46:39.360,2023-12-12,20.1821,ABMag,r - ZTF,8.19025101154413,7.303760143523355,DG_GALAXY_STARBURST,5.864367487647186,183939.25520206624,"['SDSS_52319_PLATEID_776_FIBERID_121' '174.16212463378906'
 '60.96516418457031' 'DG_GALAXY_STARBURST' '183939.25520206624'
 '8.19025101154413' '7.303760143523355']",No,K. De (Caltech) on behalf of ZTF
2024zo,12:31:00.005,+42:31:39.93,2024-01-14 11:28:28.704,2024-01-15,19.0081,ABMag,g - ZTF,9.121398565174728,7.411821067923395,DG_GALAXY_STARFORMING,4.658475368616417,167605.63916959582,"['SDSS_53090_PLATEID_1454_FIBERID_354' '187.74742126464844'
 '42.526100158691406' 'DG_GALAXY_STARFORMING' '167605.63916959582'
 '9.121398565174728' '7.411821067923395']",Yes,K. De (Caltech) on behalf of ZTF
2023xoy,11:47:22.228,+35:01:07.78,2023-10-17 12:31:40.800,2023-11-13,17.75,ABMag,r - ZTF,6.497386832027902,8.427878379317265,DG_ROSAT_D_,3.1214087010888534,267549.8236426973,"['SDSS_53491_PLATEID_2097_FIBERID_455' '176.84478759765625'
 '35.01913833618164' 'DG_ROSAT_D_' '267549.8236426973' '6.497386832027902'
 '8.427878379317265']",Yes,C. Fremling (Caltech) on behalf of the Zwicky Transient Facility (ZTF) collaboration
2024anb,10:34:02.924,+16:21:48.32,2024-01-17 10:04:48.000,2024-01-20,20.15,ABMag,r - ZTF,7.945290006359552,8.608007351752008,DG_GALAXY_STARFORMING,5.475486853820605,223469.37207671168,"['SDSS_54178_PLATEID_2592_FIBERID_547' '158.5126953125'
 '16.36557388305664' 'DG_GALAXY_STARFORMING' '223469.37207671168'
 '7.945290006359552' '8.608007351752008']",Yes,C. Fremling (Caltech) on behalf of the Zwicky Transient Facility (ZTF) collaboration
